request_id,id1,id2,classic_score,match,confidence,explanation
137d9cf807502417,b2592,d1335,0.749,1,0.8,"Same title and director, similar cast, but different year and additional cast members in Record B"
db4712ed342cac71,a2019,b1782,0.749,1,0.8,"Same title and most cast members, minor director name variation and year difference"
c0550e1b0d9cdb0f,d2217,d2312,0.748,0,0.2,Different title and year
e5e5dbe5e44dc791,b2715,b2716,0.748,0,0.4,"Same director and year, but different title and cast"
c64044c1638d61a9,a2723,b2488,0.747,0,0.6,"Similar title and some matching cast, but different director spelling, year, and additional cast members"
117a496e5e98c3f5,a1082,d2625,0.746,1,0.8,"Same title, director, and main cast, but slight year difference and additional cast members in Record B"
1561c6b95b1b1eb1,b2193,d22,0.746,0,0.0,Different titles and casts
fd3cf79cb958180c,b2193,b2194,0.746,0,0.0,Different titles and casts
af315ad332ba5c2d,b2193,c2169,0.746,0,0.2,Different titles and casts
fe5cb7a8d32d09c4,a1152,b2193,0.746,0,0.0,Different titles and casts
f355c9f20ea073e4,c253,d441,0.746,1,0.8,"Same title and director, but different year and cast"
ef61b92972c22c6a,a1078,d2696,0.746,1,0.8,"Same title and director, similar cast, but different year and some cast members"
c0e4a430262f61c7,a2481,d3128,0.746,1,0.8,"Same title, director, and most cast members, but different year and some cast members"
4256b7a6c7ac707b,c220,d786,0.746,1,0.8,"Same title and director, but different year and cast"
82c4ac0eb8cff51c,a706,d1369,0.746,1,0.8,"Same title, director, and main cast, but different year and additional cast members in Record B"
c9dd468aac04f046,b2136,d2982,0.746,1,0.8,"Same title, director, and most cast members, but different year and some cast members"
9ddcdc1748d8fab6,c2301,d133,0.746,1,0.8,"Same title and director, but different year and cast"
9490aba994667681,a2708,d1743,0.746,1,0.8,"Same title and director, similar cast, but different year and additional cast members in Record B"
31c166a19a532b45,b1834,d135,0.746,1,0.8,"Same title and director, similar cast, but different year"
fbd11035e69172bc,a2128,d151,0.746,1,0.8,"Same title, director, and main cast, but different year and additional cast members in Record B"
ca18a643479390e3,a2647,d1667,0.746,1,0.8,"Same title and director, similar cast, but different year and additional cast members in Record B"
468672cdf9cb4433,a735,d2820,0.746,1,0.8,"Same title and director, minor year difference and some cast overlap"
64f58401caef8e1d,b1704,d288,0.746,1,0.8,"Same title and director, similar cast, but different year and additional cast members in Record B"
cd1f7a5659f86160,c317,d773,0.746,1,0.8,"Same title and director, but different year and cast"
babba73175e5276b,a728,d2864,0.746,1,0.8,"Same title and director, similar cast, but different year and additional cast members in Record B"
217fe03d651b56a3,c2509,d171,0.746,1,0.8,"Same title, director, and main cast, but different year and additional cast members in Record B"
f0005f9525a51a3d,a1833,d281,0.745,1,0.8,"Same title, director, and main cast, but minor differences in year and additional cast members in Record B"
5fc2ee6418bdef65,b2716,d1695,0.745,0,0.2,"Different title and cast, same director and year"
54eaa35aacd765fa,a1853,b1626,0.745,1,0.8,"Same title and main cast, minor director name variation and year difference"
c4c8a301dd0e5c23,c1684,d2635,0.744,1,0.8,"Same title and mostly same cast, but slight director and year differences"
5685e106aec3ac64,c5701,c5729,0.744,0,0.6,Different titles and partial cast mismatch
fa520551276658d0,c4490,c4491,0.744,0,0.4,"Different titles and casts, but same director and year"
295c2cd3b8362c18,a2385,d63,0.742,1,0.8,"Same title and director, but different year and cast"
5791519286cb0288,a2727,d1253,0.742,1,0.8,"Same title and director, similar cast, but different year and additional cast members in Record B"
4ae5d676d1951bbf,c2275,d63,0.742,1,0.8,"Same title and director, but different year and cast"
629ca6c3e6132f67,b2708,d1396,0.742,1,0.8,"Same title, director, and most cast members, but different year"
c04e633f5e3251ff,c1819,d2471,0.741,1,0.8,"Same title, director, and main cast, but different year and additional cast members in Record B"
05d475084641f759,a2080,d103,0.741,1,0.8,"Same title and director, similar cast, but different year and some cast variations"
4610faf95c221e06,a941,d2609,0.741,1,0.8,"Same title and director, similar cast, but different year and some cast members"
637c37f051812e1d,c1817,c1902,0.741,0,0.8,"Different title and year, but same director and cast"
f4191d28a6fa60a1,c1376,c1617,0.741,0,0.8,"Similar cast and director, but different title and year"
bb7c6a35d6a80120,b731,d2756,0.74,1,0.8,"Same title and mostly same cast, but different director spelling and year"
be2bc9ce4ba1990e,a471,b449,0.74,1,0.8,"Same title and mostly same cast, but slight director name variation and year difference"
c37021257083d22f,a2837,d1335,0.74,1,0.8,"Same title, director, and main cast, but different year and additional cast members in Record B"
520a9e14864bc2eb,a1604,b1392,0.739,0,0.6,"Similar title and some matching cast, but different director spelling and year"
57366404657b2fec,d1114,d951,0.738,0,0.0,Different title and director
483213f57fc4e6a9,a2759,a550,0.738,0,0.7,"Different title and year, but same director and cast"
cb7f571bea45c5d6,a1092,b2139,0.738,0,0.4,"Different cast, similar title and director"
3d98589a76f46e8c,c239,d650,0.738,1,0.8,"Same title and director, but different year and cast"
6f41bc8250002a63,a1089,d2982,0.738,1,0.8,"Same title, director, and main cast, but different year and additional cast members in Record B"
11a385ac50555d1d,b358,c375,0.738,1,0.8,"Same title and main cast, minor director name variation and year difference"
a49e01d093208ad0,a2213,d29,0.738,1,0.8,"Same title and director, similar cast, but different year and additional cast members in Record B"
88bc68f06ab3b514,b2371,d3102,0.738,1,0.8,"Same title, director, and main cast, but different year and additional cast members in Record B"
99467c971b3bb48f,a2652,d1341,0.738,1,0.8,"Same title, director, and most cast members, but different year"
cf123bf50356baa0,a2185,d110,0.738,1,0.8,"Same title, director, and main cast, but different year and additional cast members in Record B"
b3172dfc012299d8,b1906,d3100,0.738,1,0.8,"Same title and director, similar cast, but different year and some cast members"
28108c17bfd60a6f,a2906,d1500,0.738,1,0.8,"Same title, director, and most cast members, but different year and some additional cast members in Record B"
ec65d2d2ed90d902,c2178,d2971,0.738,1,0.8,"Same title and director, but different year and additional cast members"
9bcc3bba4816afd7,b2116,d3164,0.738,1,0.8,"Same title and director, but slightly different year and cast"
8a469422791b6598,a1844,b1618,0.737,1,0.7,"Same title and partial cast match, but different year and slightly different director name"
ef34a90632fdd052,a2667,d1742,0.736,1,0.8,"Same title, director, and partial cast, but different year and additional cast members in Record B"
473ce840af4d345e,b1952,d29,0.736,1,0.8,"Same title and director, but different year and additional cast members in Record B"
37bc5b8f7804d077,a1455,d2673,0.735,1,0.8,"Same title and director, similar cast, but different year and some cast members"
8a4cc3ef9e7a5e08,a1156,d3142,0.735,1,0.8,"Same title, director, and most cast members, but different year and additional cast members in Record B"
dc1c0111caa02015,c4228,c4351,0.734,0,0.6,"Similar director and cast, but different title and year"
ab60244ab3a426c9,b304,c1684,0.734,1,0.8,"Same title and most cast members, but different director and year"
835166055ec04b51,b1696,d162,0.734,1,0.8,"Same title, director, and most cast members, but different year"
dcab88ef5e994f4a,a863,d2968,0.734,1,0.7,"Matching title and year, but missing director and cast in Record B"
1246a70a80dcc742,c3537,c3538,0.733,0,0.0,Different title and cast
d1cc61e35909c5d7,a1689,c2739,0.733,0,0.6,"Different title and year, but same director and some cast members"
4542e44c79094efd,c2653,c2739,0.733,0,0.6,"Different title and year, but same director and some cast members"
c2326c1112d74dcb,c1347,d2072,0.732,0,0.6,"Same title and director, but different year and cast"
12e3555990f2d29f,a344,d2516,0.732,1,0.8,"Same title and director, similar cast, but different year and additional cast members in Record B"
d4675eab100e8c6e,a1293,b1116,0.732,0,0.6,"Same title and cast, but different director and year"
c481d0aba36966b5,a1127,d113,0.731,1,0.8,"Same title and main cast, minor director name variation and 1-year difference in release year"
946190d49bf8473b,b1146,b1341,0.731,0,0.6,"Similar director and cast, but different title and year"
8e48a9ee1f88238f,a501,d2135,0.73,0,0.2,Different title and year
e32d829381110fa1,b2936,c106,0.73,1,0.9,"Same director, year, and most cast members, with title being a translation"
2ae2cd890dd4c2fa,a2481,b2262,0.729,1,0.8,"Same title, director, and partial cast match, but different year and some cast members"
aa837dd8884409b0,b2353,c2336,0.729,0,0.6,"Same title and director, but different year and cast"
1c46fd2d3ddcc796,a2202,b1942,0.729,1,0.8,"Same title and director, similar cast, but different year"
22276332d3889f16,a2441,d3139,0.729,0,0.6,"Same title and director, but different year and cast"
6eb527a2a3de0962,a1144,b2186,0.729,0,0.6,"Same title and director, but different year and cast"
77b746d92c063146,a2579,b2352,0.729,0,0.6,"Same title and director, but different year and cast"
170aa3e7e6071ca4,a1345,b1166,0.729,0,0.6,"Same title and director, but different year and cast"
9da9f76c5f9e74db,a993,b924,0.729,0,0.6,"Same title and director, but different year and cast"
8272e3f5e788af91,a2361,b2079,0.729,0,0.7,"Same title and director, but different year and cast"
d58ac3bce2aa43ca,a2363,b2081,0.729,0,0.6,"Same title and director, but different year and cast"
61e1c5ec085f801b,a1832,b1607,0.729,1,0.8,"Same title, director, and partial cast match, but different year and some cast members"
5a3314fc6a254cda,a1839,b1613,0.729,0,0.6,"Same title and director, but different year and cast"
36f4c784835fca97,a810,d2856,0.729,1,0.8,"Same title, director, and main cast, but different year and additional cast members in Record B"
01c03379e140e090,a2441,b2227,0.729,1,0.8,"Same title and director, but different year and partial cast match"
7710a63f13f166d3,a1094,b2141,0.729,0,0.6,"Same title and director, but different year and cast variations"
4bfc4c13508116df,a1383,b1203,0.729,0,0.6,"Same title and director, but different year and cast"
da25c5bd838311c2,a1234,b1061,0.729,0,0.8,"same title and director, but different year and cast"
4e1a6c3b1dd7b0d6,a2161,d3100,0.729,1,0.8,"Same title and director, similar cast, but different year and some cast members"
8175bcc33f953880,a1147,b2188,0.729,1,0.8,"Same title, director, and main cast, but different year and some cast variations"
dd8f90f7ce14f1c9,a1455,b1264,0.729,0,0.6,"Same title and director, but different year and cast"
fd91007933f95d1f,a1243,b1070,0.729,0,0.6,"Same title and director, but different year and mostly different cast"
efe909028186cef7,b2450,c914,0.729,0,0.6,"Same title and director, but different year and cast"
388017335c96d613,a1943,d279,0.729,1,0.8,"Same title and director, similar cast, but different year and some cast members"
615e6c8455b720e4,a2440,b2226,0.729,1,0.8,"Same title, director, and main cast, but different year and additional cast member"
f7dbc5d1ab7b4bc0,a2229,b1967,0.729,1,0.8,"Same title and director, similar cast, but different year"
8b21fbd9bd174701,a2100,b1851,0.729,0,0.7,"same title and director, but different year and cast"
338674fbc017f15e,a2598,b2370,0.729,0,0.6,"Same title and director, but different year and cast"
2fdc5cb4111c415c,a468,b447,0.729,0,0.6,"Same title and director, but different year and mostly different cast"
728717d5b31689ac,a796,b739,0.729,1,0.8,"Same title, director, and most cast members, but different year and slight cast variation"
cb44c9becffc298f,c291,d737,0.728,0,0.0,Different titles and casts
b0c7bb8cd5bf53b7,a2222,c291,0.728,0,0.0,"Different title, director, and cast"
d4e327fbcb387738,c3959,c4136,0.727,0,0.6,"Different title and cast, same director and similar year"
90fef69ee4ea008a,c2034,d2590,0.727,0,0.6,"Same title and director, but different year and cast"
c867e21bf07f5d88,b1914,d3165,0.725,1,0.8,"Same title, director, and most cast members, but different year and additional cast members in Record B"
757fdc3f0cb45cbd,a360,d2360,0.725,1,0.8,"Same title and mostly same cast, but slight director and year differences"
3482008b85e00510,a23,b25,0.725,1,0.8,"Same title, director, and most cast members, despite some differences in cast and missing year in Record B"
fca439568e3fe9ef,a11,b12,0.725,1,0.9,"Same title, director, and most cast members, despite missing year in Record B and extra cast member"
2cc86a4804a6fdd3,a84,b84,0.725,1,0.8,"Same title, director, and most cast members, but missing year in Record B"
7cc81ed682eeaa0e,a138,b133,0.725,1,0.8,"Same title, director, and most cast members, but missing year in Record B and extra cast member"
4ba6665bd542520a,a141,b136,0.725,1,0.9,"Same title, director, and most cast members"
14c9e1fc51fb8189,a39,b40,0.725,1,0.9,"Same title, director, and most cast members"
af160dba51d62e47,a2319,b2043,0.725,1,0.8,"Same title, director, and similar cast, but missing year in Record B"
147063a32917c13b,a1211,b1041,0.725,1,0.9,"Same title, director, and most cast members, despite missing year and extra cast member in Record B"
b7b92241a681e574,a20,b22,0.725,1,0.9,"Same title, director, and most cast members, despite missing year in Record B and extra cast member"
931dd5fa4a40407f,a85,b85,0.725,1,0.9,"Same title, director, and most cast members, despite missing year in Record B and extra cast member"
1ab80b2de0037c8f,b12,c981,0.725,1,0.8,"Same title and director, similar cast"
12eb7cb7ee0b8870,a2516,b2293,0.725,1,0.8,"Same title, director, and similar cast, but missing year in Record B and extra cast member reduce confidence"
d07f4ab2a8b5a764,a218,b214,0.725,0,0.8,"same title, director, and most cast members, but different year and additional cast member"
c0c811fe33176cfc,a1342,b1163,0.725,0,0.8,different year
29d67189895753e5,a617,b580,0.725,1,0.8,"Same title, director, and most cast members, but missing year in Record B"
0631af0757b9065d,a2879,b2628,0.725,1,0.8,"Same title, director, and most cast members, but missing year in Record B and extra cast member"
4a6cee87061bce0a,a2646,b2415,0.725,1,0.8,"Same title, director, and most cast members, but missing year and extra cast member in Record B"
a1624dd53500668b,a2938,b2687,0.725,1,0.8,"Same title, director, and main cast, but different year and additional cast member"
943779026cf4f53d,b580,c1172,0.725,1,0.8,"Same title, director, and most cast members, but missing year and one cast member in Record A"
2337e43da13ed0af,a2290,b2020,0.725,1,0.8,"Same title, director, and most cast members, but missing year in Record B and extra cast member"
17d4383441417224,a411,b393,0.725,0,0.8,different year
71182a18fbfa761f,a2096,b1848,0.725,1,0.8,"Same title, director, and most cast members, but different year"
4181e9d6632fe597,a2199,b1939,0.725,1,0.8,"Same title, director, and most cast members, but different year and one cast member"
7e1647fdb0346ba6,b133,c1001,0.725,1,0.8,"Same title, director, and most cast members, but missing one cast member and year in Record A"
9ebb29eb6813cd2a,a2122,b1872,0.725,1,0.9,"Same title, director, and most cast members, despite missing year in Record B and extra cast member"
d94468a0b53a17fd,a59,b60,0.725,1,0.8,"Same title, director, and most cast members, but missing year in Record B and extra cast member"
e686bb3d310304dc,a1887,b1658,0.725,1,0.8,"Same title, director, and most cast members, but missing year in Record B and extra cast member reduce confidence"
14bfa51db2eb6de5,a1494,b1302,0.725,1,0.8,"Same title, director, and most cast members, but different year and additional cast member"
159bfe8a045a7cf0,a2826,b2582,0.725,1,0.9,"Same title, director, and most cast members"
fe880e39aef5adb4,a2694,b2461,0.725,1,0.8,"Same title, director, and most cast members, but missing year in Record B"
f6ccbdf7d90165e5,a2549,b2321,0.725,1,0.8,"Same title, director, and most cast members, but missing year in Record B and extra cast member"
883d754fc241ae8a,a132,b127,0.725,1,0.8,"Same title, director, and most cast members, despite some cast differences and missing year in Record B"
a721e2176ef0e50b,a2669,b2440,0.725,1,0.8,"Same title, director, and most cast members, but different year"
06b731b04e7e8e64,a2839,b2594,0.725,0,0.8,"Same title, director, and most cast members, but different year and additional cast member in Record B"
c2bfd68d6b703080,a2781,b2541,0.725,1,0.9,"Same title, director, and most cast members, despite missing year in Record B and extra cast member"
58a064e093246818,a2901,b2650,0.725,1,0.9,"Same title, director, and most cast members, despite missing year in Record B and extra cast member"
7a8f651e8bed8cc7,a2529,b2305,0.725,1,0.8,"Same title, director, and most cast members, despite some cast differences and missing year in Record B"
2335ed7c62fdf787,a110,b109,0.725,1,0.8,"Same title, director, and most cast members, but missing year and extra cast member in Record B"
24da364dee662f18,a2173,b1918,0.725,0,0.8,Different year and additional cast member
ef2c3a3d0fa1cb0b,a12,b13,0.725,1,0.8,"Same title, director, and most cast members, but missing year and extra cast member in Record B"
9fdee047c8c9eb06,b830,c2187,0.725,1,0.8,"Same title, director, and similar cast, but different year"
c31e59b2bdabde9a,c810,d1189,0.725,1,0.8,"Same title and director, but slightly different year and cast"
dc8d9bdfc3d3bc43,b1942,d205,0.725,1,0.8,"Same title and director, similar cast, but different year and some cast variations"
91d3ef88f50118f1,a328,d2472,0.723,1,0.8,"Same title and mostly same cast, but different year and additional director"
fa5fbfe3c0c3e7f3,b2179,d3094,0.723,1,0.8,"Same title and most cast members, but slight director name and year differences"
978f769d890117ac,a1390,b1210,0.722,1,0.8,"Same title and main cast, minor director name variation and year difference"
e9d80ed9af25e947,c4161,c4353,0.722,0,0.6,"Similar title and director, but different year and cast members"
507a325ffcdebdec,c4691,c4727,0.722,0,0.0,"Different title, director, and cast"
fbebc17c9ab90f5e,b415,b761,0.72,0,0.7,"Different title and year, but similar cast and director"
bdedf6157a77f885,c2274,d326,0.72,0,0.4,Different titles and partially different casts
1b1c59df27d703b2,b1981,b2268,0.719,0,0.0,"Different title, director, and cast"
9ac5d8c10cc088c5,a2488,b1981,0.719,0,0.0,Different titles and directors
ecc699ab82d5c0a2,a2935,d1747,0.719,1,0.8,"Same title and cast, minor director name variation and 1-year difference in release year"
fb23e926771e1ff9,a352,d2312,0.719,0,0.2,Different title and year
7bb72b1829d2993f,a2179,b1922,0.718,0,0.6,"Same title, similar director name, but different year and cast"
64940a66c81daa4a,a2626,b2395,0.717,1,0.8,"Same title and mostly same cast, minor director name variation"
2ce9f7ddd797e94a,a380,d2551,0.717,0,0.0,Different titles and casts
110bde5f922484df,b362,d2551,0.717,0,0.0,Different titles and casts
448b84bf2eb4509c,d2509,d2551,0.717,0,0.0,Different titles and directors
65ff979fc85ae3af,a2638,b2408,0.717,0,0.6,"Similar title and cast, but different director spelling, year and additional cast members"
132ab992cfe51d0d,a2746,b2509,0.717,1,0.8,"Same title and director, similar cast"
fe48cbc288762349,c4198,c4569,0.716,0,0.0,Different title and year
efa620f4ede843cd,c3438,c4569,0.716,0,0.0,Different title and year
7ba13ac2496cc398,c3438,c4198,0.716,0,0.0,Different title and year
944845e76d01e0f6,a243,d1820,0.715,1,0.8,"Same title and mostly same cast, but different year and additional director"
beae95c87e7315b0,c285,c907,0.714,0,0.7,"similar cast and director, but different title and year"
dfac5878454066fe,a3,c285,0.714,0,0.7,"Different title, but same director and cast"
08f120de0a5b4dbc,a2829,d849,0.714,0,0.0,Different title and cast
edce0c090a413358,d1001,d849,0.714,0,0.0,Different title and cast
c35fda823c268e6b,b2585,d849,0.714,0,0.0,Different title and cast
1ee49dfefad0d635,a2293,b2023,0.714,1,0.8,"Same title and similar director and cast, but different year and extra cast member"
e7df133e5f106923,a550,b2522,0.713,0,0.6,"Different title and year, but same director and similar cast"
f328220ddc33dd6e,a2759,b517,0.713,0,0.6,"Different title and year, but same director and similar cast"
0244da5ab97bad5c,b2702,c1258,0.713,1,0.8,"Same title and similar cast, but different year and slightly different director name"
48006a95e36cfe79,c6903,d3514,0.713,1,0.8,"Same title and mostly same cast and director, but slight year and director difference"
e18047cefd408b88,a2744,b2507,0.712,0,0.6,"Same title and director, but different year and cast"
49819e8558863c64,c574,d1799,0.712,1,0.8,"Same title and director, but different year and cast"
a423f06161fb23df,a2013,b1779,0.712,0,0.2,Different cast and year
0422d092992d0c79,b2505,d1799,0.712,0,0.6,"Same title and director, but different year and cast"
c53085b04e66c42f,a1072,b995,0.712,1,0.8,"Same title and director, but different year and partial cast match"
328d5649fa13b378,a468,d2364,0.712,1,0.8,"Same title and director, but different year and cast"
d7dd0ad10f47affe,a1717,b1500,0.712,0,0.6,"Same title and director, but different year and cast"
562b4da7a3800178,a1137,d3094,0.712,0,0.2,Different cast and year
3f672de0b125073b,a2028,b1789,0.712,0,0.6,"Same title and director, but different year and some cast members"
b6e2c2b39776b6cf,a1139,b2181,0.712,0,0.2,Different cast and year
ce5ad4eccf3e0af7,a2400,b2111,0.712,0,0.2,Different cast and year
4f7f5afdb6b948bd,a2742,d1799,0.712,1,0.8,"Same title and director, but different year and cast"
a86781aff36b1b75,b2369,d3121,0.712,1,0.8,"Same title and director, but different year and cast"
b975e9da92762129,b2536,c2333,0.712,1,0.8,"Same title and director, similar cast, but different year"
202384095d96c10a,b796,d2840,0.712,1,0.8,"Same title and director, but different year and missing cast in Record B"
455c9d13339b183b,a2597,d3121,0.712,1,0.8,"Same title and director, but different year and missing cast in Record B"
e44a37e545999510,a464,d2322,0.712,0,0.6,"same title and director, but different year and cast"
387fd533bcdbf024,a2013,d314,0.712,0,0.6,"Same title and director, but different year and cast"
0e8d3419ac5efcde,a1072,d2667,0.712,0,0.6,"Same title and director, but different year and cast"
9072eb343d1a09a6,a1748,d220,0.712,0,0.6,"Same title and director, but different year and cast"
8f132a0c75576378,b267,d954,0.712,0,0.6,"Same title and director, but different year and cast"
f9f40475ee2fd321,a852,d2840,0.712,1,0.8,"Same title and director, but different year and missing cast in Record B"
524730dfc5cf00ec,a421,d2299,0.712,0,0.2,different year and cast
ff8413449e285de9,a2478,d13,0.712,0,0.6,"Same title and director, but different year and cast"
6c23ef0e0e782b92,a1545,b1343,0.712,0,0.6,"Same title and director, but different year and cast"
aff3e2e0a919a826,a2047,b1806,0.712,0,0.2,Different cast and year
825679516142fbf8,a612,b575,0.712,0,0.6,"Same title and some cast members, but different directors and years"
062c32fc8aa98a38,b2983,d3484,0.711,0,0.6,"Same title and some cast members, but different year and slightly different director name and cast"
e216866ea9973949,a1543,b1146,0.711,0,0.6,"Similar director and cast, but different title and year"
329dbecba142fffa,c349,c487,0.711,1,0.8,"Same director, year, and most cast members, but slightly different title and one different cast member"
a02123295c59978b,c653,d1251,0.71,1,0.8,"Same title and director (despite minor name variation), similar cast, but different year and additional cast members in Record B"
3e1a3d244c91a8b6,a2941,b2689,0.71,1,0.8,"Same director and cast, minor title variation"
42280c5e622b6b27,c1502,d1862,0.71,1,0.8,"Same title, director, and most cast members, but different year and additional cast members in Record B"
0105962c82c85d8d,a2841,d1712,0.709,0,0.2,Different titles and casts
64c1afd13bb9736a,d1324,d1712,0.709,0,0.2,Different titles and casts
349e7fb32765136f,a2169,d3165,0.708,1,0.8,"Same title, director, and most cast members, but different year and additional cast members in Record B"
ea0231a697041e42,b1686,d3459,0.707,0,0.2,Different year and partially different cast
cb4e7f2276cb3857,a2348,b2067,0.707,0,0.6,"Same title, similar director name, but different years and casts"
280bc281026fa0d0,a1168,b2207,0.704,1,0.8,"Same director, year, and partial cast match, but title and full cast differ slightly"
a00a762f5fefa665,b2318,d3115,0.704,1,0.8,"Same title and director (partial match), similar cast, but different year and additional director/co-director"
2b906131d486dabf,b1474,c2739,0.704,0,0.6,"Different title and year, but same director and similar cast"
5189e4bad3706a4a,a1178,b1010,0.704,0,0.6,"Similar title, but different director spelling, year and cast"
4dcb1587fca9de6d,b899,d2639,0.704,1,0.8,"Same director and similar title, but different year and some cast variations"
669b0a04049b31a1,a2171,b1916,0.703,1,0.8,"Same title, director, and year, with some overlap in cast"
2ba8d78296d41800,a2311,a2546,0.702,0,0.0,Different titles and years
4289baf683565332,c688,d1232,0.702,0,0.6,"Similar title and cast, but different directors and year"
09894624ba902376,a2546,c2259,0.702,0,0.0,Different titles and years
5d976b423edcac15,a2311,c2101,0.702,0,0.0,Different titles and years
96602c9b4f22af99,c2101,c2259,0.702,0,0.0,Different titles and years
8f5f03ce1ac1a4f5,a612,d2278,0.702,1,0.8,"Same title and mostly same cast, but different year and additional director"
f437b912bd1c25c9,a1421,b1238,0.702,1,0.8,"Same title, similar director name, and mostly identical cast"
3415469c8e77e41d,d2284,d2537,0.702,0,0.2,"Different title and year, but same director and one common cast member"
84cd9c9e0c64ed80,a1645,b1428,0.701,0,0.6,"Same title and some cast members, but different year and additional cast members"
ecd1346f8e8e7559,a2779,c743,0.7,0,0.0,Different title and cast
fa146b79fe6647bc,c3259,d98,0.7,0,0.7,Different year and additional cast members
d5e9193f97a9b3d4,a2938,d1445,0.7,1,0.8,"Same title, director, and main cast, but different year and additional cast members in Record B"
9d7a1c04633f4294,b1725,d3401,0.7,0,0.2,Different years and mostly different cast
9fa16d5d084dffcd,a719,d2174,0.7,0,0.6,"Same title and director, but different year and additional cast members"
15cd1b12d38f3646,a2819,b2575,0.7,1,0.8,"Same title and director, similar cast, but missing year in Record B"
a73f4b1138f8c7d2,a2839,d1805,0.7,1,0.8,"Same title, director, and most cast members, but different year"
7d79519c2be1a0e1,c1258,d1648,0.7,1,0.8,"Same title and director, but different year and additional cast members"
3d1b0bc1d7b209aa,a2766,d1155,0.7,0,0.4,"Similar director and some cast members, but different title and year"
d6251adaba5958e4,a2769,d1557,0.699,1,0.8,"Same title and mostly same cast, but different director and year"
471d34562e0ca09b,b2529,d1155,0.698,0,0.4,"Different title and year, but same director and some cast members"
db65e82c1d8fa619,b2522,b517,0.698,0,0.6,"Different title and year, but same director and most of the cast"
3365a4c177565cd8,c2497,d155,0.698,1,0.8,"Same title and cast, minor director name variation and year difference"
79fc537ca600aadf,a116,a521,0.697,0,0.6,"Same director and cast, but different title and year"
765e811ab8ad7911,a1896,a1897,0.696,0,0.0,Different titles and casts
230a9cba91abb3c9,a1896,b1668,0.696,0,0.0,Different titles and casts
24d3c81b51ea5d1f,a435,b761,0.696,0,0.6,"Similar title and director, but different year and cast"
1a6e437adf1920fb,c399,c435,0.694,0,0.0,"Different titles, directors, and casts"
5e0aa9668499053f,a1091,b2138,0.694,0,0.6,"Same title, similar director, but different year and mostly different cast"
4bc80240056edc4e,b2936,d381,0.693,1,0.9,"Same director, year, and most cast members, minor title variation and additional cast in Record B"
644f68e9214e2607,c1322,d1092,0.693,0,0.7,"Same title, director, and most cast members, but different year"
61d44fadacbed1c8,a1915,d3459,0.693,0,0.2,Different year and additional cast members
75234cf24e41ba1d,c2437,d3459,0.693,0,0.2,Different year and additional cast members
eb7825593d703468,c6714,c6720,0.692,0,0.6,"Same director and cast, but different title and year"
8aa7218e9507a244,c4100,c4194,0.691,0,0.6,"Similar director and cast, but different title and year"
473d0931432ef116,a894,b834,0.69,1,0.8,"Same title, director, and most cast members, but different year and slight cast variation"
266e7d408b01be1c,a16,b18,0.69,1,0.8,"Same title and director, overlapping cast"
f010f83e3899978c,a72,b72,0.69,1,0.8,"Same title, director, and shared cast members despite some differences in cast"
5c5c5edae1d4a5a6,a2255,b1990,0.69,0,0.6,"Same title and director, but different year and cast"
48ffeddd3107dc24,a939,b877,0.69,1,0.8,"Same title and director, similar cast"
206b0a25138354ed,a2847,b2599,0.69,1,0.8,"Same title, director, and partial cast match"
f3bac747d8e98375,b3079,c3442,0.69,1,0.8,"Same director and year, similar title and some matching cast members"
8dbdc3196dd5612f,a1737,b1519,0.69,0,0.6,"Same title and director, but different year and partially different cast"
016700a55321d8dd,b182,c936,0.69,1,0.8,"Same title and director, but different cast and year"
65c723adb316b386,a2278,b2010,0.69,1,0.8,"Same title and director, similar cast"
fcb292a172165acd,a2792,b2551,0.69,1,0.8,"Same title, director, and similar cast, but missing year in Record B and extra cast member"
b009f87b3249564c,a2065,b1821,0.69,1,0.8,"Same title and director, similar cast"
7df56a6417e04015,b2498,c895,0.69,1,0.8,"Same title and director, partial cast match"
e8f165b23730a923,a1510,b1313,0.69,1,0.8,"Same title and director, similar cast"
2ffa99794d64660f,b2076,c2924,0.69,0,0.6,"Same title and director, but different year and cast"
584edf3b5742e4a3,a2729,b2494,0.69,1,0.8,"Same title and director, similar cast"
effc846be249528e,a2517,b2294,0.69,1,0.8,"Same title, director, and partial cast match, but different year and additional cast members in Record B"
c78a76d3073ac681,a121,b119,0.69,1,0.8,"Same title, director, and most cast members, but missing year and slight cast difference"
f05f07b4e965cd0c,a440,b419,0.69,1,0.8,"Same title and director, similar cast"
c6e8cf7e973ab835,a884,b825,0.69,1,0.8,"Same title and director, similar cast, but different year and slight cast variation"
cff189c8829de7ca,b877,c899,0.69,1,0.8,"Same title and director, but different cast members and year"
b66bcfed69d1a259,a1508,b1311,0.69,1,0.8,"Same title and director, similar cast, but different year and some cast variations"
26e2f4ff9d18a4be,a1978,b1744,0.69,0,0.6,"Same title and director, but different year and some cast members"
a03e5e028acd639d,a989,b920,0.69,0,0.6,"Same title and director, but different year and cast"
f71102b181efef82,c1011,d759,0.69,0,0.6,"Same title and director, but different year and partially different cast"
babb9ee657585ee3,a2785,b2543,0.69,1,0.8,"Same title, director, and partial cast match"
43d5cb5eed94cde1,a2919,b2666,0.69,1,0.8,"Same title, director, and partial cast match, but different year and additional cast members in Record B"
49461b5b59cd06bb,a1261,b1086,0.69,1,0.8,"Same title, director, and most cast members, but missing year and slightly different cast in Record B"
12a065896a4ab20a,a26,b27,0.69,0,0.6,"same title and director, but different year and cast"
611b1aa38a972c49,a2779,b2539,0.69,1,0.8,"Same title and director, overlapping cast"
d24aa5bae7c503a1,a1539,b1338,0.69,1,0.8,"Same title and director, but different year and cast"
2468932717fead01,a2358,b2076,0.69,0,0.6,"Same title and director, but different year and partial cast mismatch"
9c8ef71c46943667,a2733,b2498,0.69,1,0.8,"Same title and director, overlapping cast despite some differences"
a4c3f7ea8cded902,a2695,b2462,0.69,1,0.8,"Same title, director, and partial cast match, but different year and some cast members"
01c91ca873ded3e0,a2306,b2036,0.69,0,0.7,Different year and cast members
56311f36e8aac8ee,a882,b823,0.69,1,0.8,"Same title and director, some common cast members"
0b727ae6d79ac3bf,b5,c1144,0.69,1,0.8,"Same title and director, similar cast"
64fdf8bebc78d449,a184,b182,0.69,1,0.8,"Same title, director, and most cast members, but missing year and one different cast member in Record B"
b849fd2ac8db1df2,a209,a604,0.688,0,0.2,Different title and cast
9567184e6ecfea96,b568,d2375,0.688,0,0.2,"Different title and year, similar director"
1d12f8facdfd008b,b394,b568,0.688,0,0.2,Different title and cast
5def72d7c60684e5,a412,b568,0.688,0,0.2,Different title and cast
6ca2a7a551fbd886,a550,d1686,0.688,0,0.6,"Different title and year, but same director and most cast members"
d0399243af02b645,a2303,d19,0.688,1,0.8,"Same title and director, similar cast, but different year and extra director and cast members in Record B"
e82b0761f96c3c0a,c2187,d2766,0.688,1,0.8,"Same title, director, and most cast members, but different year and additional cast members in Record B"
2dfb0c8eb3bb0d08,b1066,c799,0.688,0,0.0,Different directors and casts
2b3ac2c7a597d249,a1325,a625,0.688,0,0.6,"Different title and year, but same director and cast"
f4ba904e6f68c3c4,a1118,d100,0.687,0,0.0,Different title and cast
d7621ef1792af841,b1778,c2484,0.687,1,0.9,"Same director, year, and most cast members, with minor title variation"
7444d3c0b36cc4ed,a2016,b1778,0.687,1,0.9,"Same director, year, and most cast members, minor title difference"
8f99fe30a37b4f2e,a2795,d1425,0.686,1,0.8,"Same title and mostly same cast, but different year and slightly different director"
c774e3f2342951c9,c3943,c4007,0.686,0,0.2,Different title and cast
67307e8f9853b5b7,a241,d1675,0.685,0,0.0,Different title and cast
5ff77f1c0903273b,a2793,b2552,0.683,0,0.6,"Same title and director, but different year and cast"
3c77aabc2065f9d3,a35,b37,0.683,1,0.8,"Same title and director, but missing year and partial cast match"
7d7f5a9d0debd5f0,c1051,d1580,0.683,1,0.8,"Same title and director (partial match), similar cast, but different year and additional director/cast members"
21b0a5953bfad85a,d860,d897,0.683,0,0.0,Different titles and directors
59f43a7777699d3d,c4629,c4637,0.682,0,0.6,"Similar director and year, but different title and some cast members"
dd24fe123ee60dd0,c1510,c1618,0.682,0,0.0,"Different title, director, and cast"
abe951a542e631ad,c4760,c4865,0.682,0,0.2,"Different title and cast, similar director"
52380e43f8553a02,b517,d1686,0.681,0,0.6,"Different title and year, but same director and some cast members"
19f422b4cd57feeb,b2164,d100,0.68,0,0.0,Different title and cast
125812dab92fc022,c934,d1353,0.68,0,0.7,"Similar title and cast, but different year and additional cast members in Record B"
d778993f51ce5cff,a2973,d1516,0.68,1,0.8,"Same title, director, and partial cast, but different year and additional cast members in Record B"
f64fab17a2524c4e,a1978,d246,0.68,0,0.6,"Same title and director, but different year and cast"
000653cf8de98f13,a2669,d1528,0.68,1,0.8,"Same title, director, and most cast members, but different year and some additional cast members in Record B"
c7c696f5f495158d,a356,c222,0.68,0,0.6,"Different title and year, but same director and some cast members"
6e0bdf62d7650d19,c215,d897,0.679,0,0.0,Different titles and directors
864620271f1c22be,b1519,d262,0.679,1,0.8,"Same title, director, and some cast members, but different year"
ace1229826f8d5cf,c960,d1345,0.679,0,0.6,"Same title and director, but different year and cast"
baefc0a84a4fb806,c235,c901,0.678,0,0.6,"Similar director and cast, but different title and year"
5bbf2158975cf1cc,a1323,a625,0.678,0,0.2,Different title and year
dc7cb083bd7a375e,a1323,a1325,0.678,0,0.6,"Different year and title, but same director and cast"
8dad9c049f472190,c5237,c5436,0.678,0,0.2,Different titles and years
9198d88032fa670b,a17,c235,0.678,0,0.6,"Different title and year, but same director and some cast members"
c1ccc822ce354da2,a1516,a1729,0.678,0,0.6,"Same director and cast, but different title and year"
4af16b98120da4a6,a1896,c2510,0.676,0,0.0,Different titles and casts
96f405bd3059bcf1,a2757,b336,0.675,0,0.6,"Similar cast and director, but different title and year"
880333146c053de7,a2831,b2587,0.675,1,0.8,"Same title and director, but different cast and missing year in Record B"
e437e3bf230c22d6,a1972,b2062,0.674,0,0.2,Different title and cast
c5a52adbd21081a9,a1972,a2343,0.674,0,0.2,Different title and cast
f8ca28e233f0adbd,b194,c2876,0.674,0,0.2,Different title and year
6c6a989ae8c34d19,b1557,d344,0.674,1,0.9,"Same director, year, and cast, similar title"
4ee7fe179e9b291e,d1819,d1864,0.673,0,0.0,Different titles and presence of director and cast in Record B
2cfc61d3a4c5aa28,a238,d1819,0.673,0,0.0,Different title and missing/different director and cast
1417ca2fe7aa7fa7,b235,d1819,0.673,0,0.0,Different title and incomplete/different cast and director
2ed93cb454376a4a,c3959,c4228,0.672,0,0.4,"Different title and cast, same director and partial cast match"
fa1c7cd0d6f3fd90,c5563,c5573,0.672,0,0.2,Different titles and casts with no common attributes
cc0180df75629feb,a1942,d153,0.672,1,0.8,"Same title, director, and main cast, but different year and additional cast members in Record B"
62df70e258b8816b,a400,b382,0.672,1,0.7,"Same title and partial cast match, but different director spelling and missing year in Record B"
2799372c0db026e3,a521,b115,0.672,0,0.6,"Same director and similar cast, but different title and year"
1d9ba8bcf8d422bf,a2823,c862,0.67,0,0.0,Different title and cast
49aa08a45f4e820a,b2579,c862,0.67,0,0.0,Different title and cast
c11eebd89d828ee0,c862,d1803,0.67,0,0.0,"Different title, director, and cast"
32a9fae5034991cf,c592,c862,0.67,0,0.0,Different title and cast
d242203737eef6b0,c225,c295,0.67,0,0.0,"Different title, director, and cast"
4909d3fcc01bda5b,a1644,b1427,0.67,0,0.6,"Similar title and shared cast member, but different year and mostly different cast"
8b6534746b701c2c,c4668,c4676,0.67,0,0.0,"Different title, director, and cast"
cad8822c421c07a1,a291,b285,0.67,1,0.8,"Same title and director, different cast and unknown year in Record B"
6c908653f9227dc6,c2033,c2524,0.67,0,0.2,Different year and cast
d6e1c52e96572793,c6804,c6814,0.67,0,0.2,Different title and cast
375cff983baeb654,c2679,d326,0.67,1,0.8,"Same title and director, but different year and additional cast members in Record B"
d486d24a98e3fe04,a2727,d1751,0.67,0,0.0,"Different title, director, and cast"
91f0550155b4d224,a241,c939,0.669,0,0.0,"Different title, director, and cast"
5ddf2e2e89df5e94,a233,a241,0.669,0,0.0,Different titles and casts
758a337e8cbc0105,a241,b230,0.669,0,0.0,"Different title, director, and cast"
e016ceeffdb758c8,a433,b413,0.669,1,0.9,"Same director, year, and most cast members, minor title difference"
c1427503cdc47a26,b19,c235,0.668,0,0.6,"Different title and year, but same director and some cast members"
db9757bcd1426dbc,b1545,c901,0.668,0,0.6,"Different title and year, but same director and some cast members"
b9f48c1d43515dc2,a17,b1545,0.668,0,0.6,"Different title and year, but same director and some cast members"
e217f3ccdde7462c,b1838,c2305,0.668,0,0.0,"Different title, director, and cast"
3681be34672d9a01,c2305,d84,0.668,0,0.0,Different title and director
a5035be2e48ff7e6,c635,d503,0.668,1,0.8,"Same title and director, but different year and additional cast members in Record B"
81e8e921f6ab6191,d1357,d729,0.668,0,0.0,Different title and cast
8eea15a570c9c9e3,a2343,b1529,0.668,0,0.2,"Different title and year, similar director and cast"
3f09db776261da6a,d1675,d2060,0.668,0,0.0,Different titles and casts
1dc2d49edd6913cb,c3938,c4147,0.668,0,0.2,"Different title and year, partial cast mismatch"
f4dab548a9a5909d,a1489,c3050,0.667,0,0.0,"Different title, director, and cast"
ca7afbde0466cd05,c3050,c3112,0.667,0,0.0,"Different title, director, and cast"
893bd7ba20c5e5fe,c1092,c999,0.667,0,0.0,Different title and cast
edd061ea19d50ba3,b1297,c3050,0.667,0,0.0,Different title and cast
2c0f59b002c73a73,a2967,b2711,0.667,1,0.8,"Same title and director, partial cast match"
8189c0d4388f7a56,a2910,b2657,0.667,1,0.8,"Same title and director, common cast member"
15021db9c441dcde,a1265,b1090,0.667,1,0.8,"Same title and director, common cast member (Sean Astin)"
a96837ca43a13daf,a1993,b1758,0.667,0,0.6,"same title and director, but different year and partial cast mismatch"
9a69be641fe171a9,a719,b672,0.667,0,0.2,Different year and cast
369c249fcc61a44e,a14,b15,0.667,1,0.7,"Same title and director, common cast member"
d8da53363b4490f6,a2052,b1811,0.667,0,0.6,"Same title and director, but different year and cast variations"
8a7dbd058d3d6098,b18,c903,0.667,0,0.6,"Same title and director, but different cast and year"
95d3024c791e2a5a,a8,b8,0.667,1,0.8,"Same title and director, partial cast match"
feeb792184c4ceb3,a2249,b1983,0.667,0,0.4,"Same title and director, but different cast and missing year"
424b241ce9115f72,a2915,b2662,0.667,1,0.8,"Same title, director, and two matching cast members, despite some cast differences and missing year"
7ad7aa7a90bd51cc,a2672,b2443,0.667,1,0.8,"Same title and director, similar cast"
dfb4913efdc9841c,a1084,b2132,0.667,1,0.8,"Same title and director, partial cast match"
2ec9ca3ca9478bf0,a2597,b2369,0.667,1,0.8,"Same title and director, but different year and some cast members"
eeaada868f77f4d3,a2730,c1717,0.667,0,0.2,Different title and year
a95025f60adde10c,c5433,c5653,0.667,0,0.6,"Different title and year, but same director and some cast members"
d9ade2fa648f88a2,b2495,d2800,0.667,0,0.2,Different title and year
62999a068973090d,c1717,c626,0.667,0,0.4,"Different title and year, although same director and some cast members"
2145acb046036e77,d1770,d1774,0.666,0,0.0,Different titles
c6dcabcaac80f239,a1551,a1756,0.666,0,0.6,"Different title and year, but same director and cast"
c29390eaa04f1c0b,b237,d1675,0.666,0,0.0,"Different title, director, and cast"
67f32101171bb678,b1529,b2062,0.666,0,0.2,"Different title and year, partial cast overlap"
600471c369dbbe70,b1048,b2767,0.665,0,0.2,"Different title, director, year, and most cast members"
376de0a23f34bdb5,c3438,c4833,0.665,0,0.2,Different year and cast members
4f847451e120a0ef,c4569,c4833,0.665,0,0.6,"Similar director and cast, but different title and year"
0527bf237ba35319,c4198,c4833,0.665,0,0.6,"Different year and cast members, but same director and similar title"
cd3ee73f0b56be8e,b2355,b2675,0.665,0,0.2,"Different title and year, partial cast match"
c97cf96841ade98d,a2621,b2390,0.664,0,0.0,Different title and cast
bf4b02df6a2b5c96,b2389,b2390,0.664,0,0.0,Different title and cast
41202b7a501c7a73,a2622,b2389,0.664,0,0.0,Different titles and casts
d60351250ba7b10d,c1117,d1245,0.664,0,0.6,"Same title and director, but different year and mostly different cast"
ec8738ee3a933df3,a2621,a2622,0.664,0,0.0,"Different title, director, and cast"
2ae78b70c289a1dd,c1092,c1148,0.664,0,0.0,Different title and cast
48c28d01a8dba7c6,d3525,d3526,0.664,0,0.2,Different titles
e6fc9cbac71c39a3,c3222,c3232,0.663,0,0.0,Different titles and casts
6164758c971ba1ea,c4136,c4351,0.663,0,0.6,"Similar title and director, but different year and some cast members"
a3dba4a1371e129c,a1204,a1407,0.663,0,0.0,Different director and cast
28c3bd8ffb51f5c8,a1204,b1226,0.663,0,0.0,Different director and cast
fc2ac59c3f3ad74f,a2608,b2379,0.663,1,0.7,"Same title, similar director names (sean fine and andrea nix fine), but different year and missing cast in Record B"
b5b6fdb472891f99,a625,b1147,0.663,0,0.2,Different title and year
05dcb499df0645d6,a1325,b589,0.663,0,0.6,"Different title and year, but same director and similar cast"
f6c952168212150d,d2503,d809,0.662,0,0.4,"Different title and year, although same director and some cast members"
d747acdc6a8c879a,a2637,d1530,0.662,0,0.0,Different title and director
feba6f7d95e98d28,b2407,d1530,0.662,0,0.0,Different title and director
81e0906aa9161086,c613,d1530,0.662,0,0.0,Different title and director
8495622677283876,d1530,d1684,0.662,0,0.0,Different titles and directors
48532bf6f51ebef5,a233,d2060,0.662,0,0.0,Different titles and casts
c983f93dca38d7f4,b230,d2060,0.662,0,0.0,Different titles and casts
34056e1c4f20e4b3,c939,d2060,0.662,0,0.0,Different titles and casts
f349679005b5e7b5,c2484,d250,0.662,1,0.8,"Same title (minor variation), director, and year, with significant cast overlap"
c54a90c4f33bc900,a2016,d250,0.662,1,0.8,"Same title (minor variation), director, and year, with significant cast overlap"
61e163ac31e3b550,b1545,b19,0.662,0,0.6,"Different title and year, but same director and some cast members"
cbbeec5c067b7380,c4707,c5054,0.662,0,0.2,"Different title and year, similar director and partial cast"
6614e1ace2c69797,a2246,d3015,0.661,0,0.0,Different title and cast
c6af8c497e416618,c4532,c4592,0.661,0,0.0,Different titles and directors
582f2f899862ac9c,c1701,c2197,0.661,0,0.6,"Same director and cast, but different title and year"
f1ef4e0572ed859c,a2726,c684,0.66,0,0.0,"Different title, director, and cast"
d49fb50e239adf18,c684,d1698,0.66,0,0.0,Different title and cast
1f6bddcfeb1c4c11,b2491,c684,0.66,0,0.0,"Different title, director, and cast"
0d9e0dc1d4a956e2,a2323,b2047,0.66,1,0.8,"Same title and common cast member, minor director name variation"
2bd3d81eb634f20a,c5250,c5252,0.66,0,0.0,"Different title, director, and cast"
759b65a1986d7ca6,b2520,b336,0.66,0,0.6,"Similar cast and director, but different title and year"
43490e0401256aa6,b340,d809,0.659,0,0.4,"Different title and year, but same director and some cast members"
9adcde8be61a811b,a2617,a467,0.659,0,0.4,"Similar director and cast, but different title and year"
9105023a84cd145f,a1767,a2582,0.659,0,0.2,Different titles and years
11ad114d3bc840e7,a1767,c2091,0.659,0,0.2,Different title and year
03a1de487e6776a3,a2582,c2586,0.659,0,0.2,Different titles and years
8b5fec9dff8203ed,c2091,c2586,0.659,0,0.2,Different title and year
8c289b9b3f6add7e,a356,d1121,0.657,0,0.6,"Different title and year, but same director and some cast members"
ab71c5b696884ddd,c235,d1976,0.657,0,0.6,"Similar director and cast, but different title and year"
e28dbb66bb835508,b415,d3055,0.657,0,0.6,"Different title and year, but same director and main cast"
f621a12fbb745c82,a165,d349,0.657,0,0.6,"Different title and year, but same director and some cast members"
3e69ebacc5a852e7,b3006,c4198,0.657,0,0.2,Different title and year
67b5876a8e0eaa51,b3006,c4569,0.657,0,0.2,Different title and year
ac202bf49b7d810a,b2495,c1717,0.657,0,0.2,Different title and year
c594a4ef9d40458f,c2876,d1961,0.656,0,0.2,"Different title and year, although same director and some cast members"
da4036352d9f03ba,d1168,d1976,0.655,0,0.6,"Similar director and cast, but different title and year"
379822f5ccde8a68,c1743,c1760,0.655,0,0.2,Different titles and directors
e958b0d68d074835,c2586,c2878,0.655,0,0.6,"Different title and year, but same director and main cast"
0584761b0691ef0a,a2582,c2878,0.655,0,0.2,Different title and year
2881e912a05e3a98,c2083,c3100,0.655,0,0.2,Different title and year
26305613fca2ba1b,c2091,c2878,0.655,0,0.2,Different title and year
249f19a20cdb6a4d,a1767,c2878,0.655,0,0.6,"Different title and year, but same director and main cast"
f9535831eec15c56,b3006,c4833,0.655,0,0.2,Different year and cast members
2f186a1f90d6a824,a2562,c3100,0.655,0,0.2,Different title and year
b6acdc6d282436bc,a1538,a2562,0.655,0,0.2,Different title and year
ee90d3f983707e13,a1538,c2083,0.655,0,0.2,Different title and year
b402fd54288b5119,c1396,c1830,0.655,0,0.6,"Similar director and cast, but different title year and additional cast member"
a74a4ebed64ed54f,a898,b839,0.654,0,0.0,"Different titles, directors, and casts"
3bf646145211c442,a1323,b589,0.654,0,0.6,"Different title and year, but same director and main cast"
db9b42822861820f,b839,d2615,0.654,0,0.0,Different director and cast
ea152cd17934f5c9,a1323,b1147,0.654,0,0.6,"Different title and year, but same director and some cast members"
6fb084568177b5e7,a900,d2615,0.654,0,0.0,Different directors and casts
2094ce7f392172b3,b837,d2810,0.654,0,0.2,"Different directors and titles, despite same year"
3aafb8ea0f9de3f3,b1545,d1976,0.654,0,0.6,"Different title and year, but same director and some cast members"
00adfdd4e6dde00e,b837,b839,0.654,0,0.0,Different directors and casts
888320f288a2d206,a900,b837,0.654,0,0.0,"Different title, director, and cast"
63b8d303f58c0df3,d2615,d2810,0.654,0,0.2,"Different director and title, despite same year"
687c1cd5375a89b5,a898,a900,0.654,0,0.0,Different directors and casts
773e1633dbfb8a42,a898,d2810,0.654,0,0.2,"Different director and title, despite same year"
bede7f75355ba2e4,c4382,c4451,0.653,0,0.0,"Different title, director, and cast"
c483ab541f3ab9de,a2872,d1326,0.653,0,0.0,Different directors and casts
40fbbf5ebaf9ae83,c5618,c5660,0.652,0,0.0,"Different title, director, and cast"
62d0aea62bf42e11,d924,d970,0.652,0,0.0,Different titles and casts
0c4995b6641c3b54,c214,d924,0.652,0,0.0,Different titles and casts
dd4b9323bb9703fc,a535,b503,0.652,1,0.8,"Same title and similar director name, but different cast and missing year in Record B"
e7b93232e1400b4c,c497,d473,0.651,0,0.6,"Same title, but different year and cast"
3e6183537df65ebc,b1981,c2113,0.651,0,0.0,Different titles and casts
bae0ef700443de34,c3959,c4351,0.651,0,0.4,Different year and mostly different cast
fdbfcee364630233,b230,b237,0.651,0,0.0,"Different title, director, and cast"
0cdfba3a82c963e2,b237,c939,0.651,0,0.0,"Different title, director, and cast"
fcbb4abb37afdaa0,a233,b237,0.651,0,0.0,"Different title, director, and cast"
ebbea9d0a4b4008c,b204,d2176,0.65,0,0.2,"Different title, year, and most cast members"
0c34ef8abedace0d,a2109,b1860,0.65,1,0.8,"Same title and director, but different cast and missing year in Record B"
884a028868055d4e,a2900,b2648,0.65,1,0.8,"Same title and director, but missing year and cast in Record B"
9725c1155843b4a6,c3100,c3429,0.65,0,0.6,"Similar cast and director, but different title year and cast member"
7da2554beccb1273,a1538,c3429,0.65,0,0.6,"Different title and year, but same director and main cast"
4143331b2a3414c5,b636,c3257,0.65,0,0.2,Different year and cast
fdc99871015e7ac7,a2757,a347,0.65,0,0.6,"Similar director and cast, but different title and year"
0c5668b7bbceb434,a681,c3257,0.65,0,0.2,Different year and cast
8a33858659df7d82,a222,b217,0.65,0,0.6,"Same title and director, but different year and cast"
6c6baf6bfce3d587,a2401,b2112,0.65,0,0.2,Different year and cast
7dcbf2c17b2a6427,a251,b248,0.65,0,0.6,"Same title and director, but different cast and missing year in Record B"
ec3e57c6479c762a,a120,b118,0.65,1,0.8,"Same title and director, but missing year and cast in Record B"
183e86d5d297b5f9,a52,b54,0.65,1,0.8,"Same title and director, but different cast and missing year"
61952a0f75357baf,a222,d1934,0.65,1,0.8,"Same title and director, but different year"
0906f3f51d332af1,a2631,b2400,0.65,0,0.4,"Same title and director, but different cast and missing year in Record B"
6611572a322cc64c,a2064,b1820,0.65,1,0.8,"Same title and director, different cast and missing year"
830f60ba4a9cf9c3,a1128,b2173,0.65,0,0.6,"Same title and director, but different year and cast"
bc16ab14df407d87,b981,c1420,0.65,0,0.2,Different cast lists
6964b3635c1ef52a,a2793,d1538,0.65,0,0.6,"Same title and director, but different year"
b1cb8173727bcfdf,c2083,c3429,0.65,0,0.2,Different title and year
57fb1edbc4f96008,a28,b30,0.65,1,0.8,"Same title and director, but different cast and missing year"
4b8f75563bdc8e8e,a2562,c3429,0.65,0,0.2,Different title and year
e7b6e9983c0e86d1,a1056,b981,0.65,1,0.8,"Same title and director, but different cast and missing year in Record B"
999d88d23661faa1,a955,b889,0.65,0,0.2,Different year and cast
69a448606cc52aa5,a2533,b2308,0.65,0,0.6,"Matching title and director, but different cast and missing year"
5e911afa41f7eabb,c1944,c3257,0.65,0,0.2,Different year and cast
2b4a6b0370bc9fad,a2303,d19,0.741,1,0.8,"Same title and director, minor cast and year differences"
de08491e2bf48dce,b1280,c3105,0.737,1,0.8,"Similar title and director, same year, but different cast members"
5d9ef1c2f1e3ab0b,a1471,b1280,0.737,1,0.8,"Similar title and director, same year, but different cast members"
57feb6b9c8d05e28,b939,d2577,0.737,1,0.8,"Same title and year, director partially matches"
8114277ffbe7540a,a1273,b1097,0.734,1,0.8,"Similar title, same director (minor name variation), same year, and partial cast match"
270c02251382838a,a956,b890,0.725,1,0.8,"Similar title, same director (minor spelling difference), same year, and mostly same cast."
c8e3235e6de8dfce,a360,d2360,0.698,1,0.8,"Same title and mostly same cast, but minor director and year differences"
91c7836a116f4e43,c688,d1232,0.688,0,0.6,"Same title and overlapping cast and director, but different year and director order"
75831b3cdbf76187,b2318,d3115,0.688,1,0.8,"Same title and mostly same cast, but different year and additional director"
d19739279e5ce714,a243,d1820,0.688,1,0.8,"Same title and main cast, but different year and additional director"
7637f97d8ec4d891,c6903,d3514,0.688,1,0.8,"Same title and mostly same cast and director, but slight year and director difference"
a1eb701aab719a21,a328,d2472,0.688,1,0.8,"Same title and mostly same cast, but different year and additional director"
55215fa298d2f6d0,a612,d2278,0.68,1,0.8,"Same title and mostly same cast, but different year and additional director"
63ef1e0ed140f447,a2222,c291,0.678,0,0.0,"Different title, director, and cast"
87137e10f12ca415,c3537,c3538,0.678,0,0.0,"Different title, director, and cast"
b68d23e918d4cc04,d1114,d951,0.678,0,0.0,Different title and director
e849bc10b39452b3,c291,d737,0.678,0,0.0,Different titles and casts
122812f35890e882,a2488,b1981,0.674,0,0.0,Different titles and casts
c5d3098a53aae9a4,b1981,b2268,0.674,0,0.0,"Different title, director, and cast"
76b036ab7564cf22,d1001,d849,0.673,0,0.0,Different title and cast
f53072657043d477,b2585,d849,0.673,0,0.0,Different title and cast
2b92fc82057a5c24,a2829,d849,0.673,0,0.0,Different title and cast
2b1927dac1bafbdd,a2769,d1557,0.668,1,0.8,"Same title and mostly same cast, but different director and year"
31fd51f39e1592b2,d2509,d2551,0.664,0,0.2,Different titles and directors
d45d2a8363151f59,b362,d2551,0.664,0,0.0,Different titles and casts
9768a55dac4ea804,a380,d2551,0.664,0,0.0,Different titles and casts
c8d5ee5ca92c5610,a2296,d85,0.662,1,0.8,"Same title and cast, similar director name, but different year"
c849ede42e35be05,a1685,b1470,0.662,1,0.8,"Same title, director and cast, but different year"
c0be42269e150a67,c4691,c4727,0.662,0,0.0,"Different title, director, and cast"
474bacbb57274b51,a2795,d1425,0.661,1,0.8,"Same title and mostly same cast, but different year and slightly different director"
77cbfe2e5edc4908,c1051,d1580,0.661,1,0.8,"Same title and director (partial match), similar cast, but different year and additional director/cast members"
3d6fb6d0cafbffcd,a1896,a1897,0.659,0,0.0,Different titles and casts
89404e26aeb01b01,a1896,b1668,0.659,0,0.0,Different titles and casts
ed45454919a44c7b,a2779,c743,0.658,0,0.0,Different title and cast
e965e67efedc2675,c1510,c1618,0.65,0,0.0,"Different title, director, and cast"
740b779d3fc28e05,b1066,c799,0.65,0,0.0,"Different title, director, and cast"
bd4c2cc62b9a8028,a1082,b1003,0.746,1,0.8,"Same title, director and main cast, minor differences in year and director's name spelling"
73b485d37cadeb58,a2093,b1846,0.746,1,0.8,"Same title and mostly same cast, but minor director name variation and year difference"
e7d994577f0ebbdd,a1833,b1608,0.742,1,0.8,"Same title, director, and main cast, but different year and additional cast member in Record B"
38baf452b581b1da,a1550,b1349,0.742,0,0.8,"Similar title and cast, but different year and slightly different director name"
f0d2517a40c9eed3,a1598,b1387,0.742,1,0.8,"Same title and cast, minor director name variation and year difference"
3175f74e93777446,b1914,d3165,0.739,1,0.8,"Same title, director, and most cast members, but different year and extra cast members in Record B"
e753c01f11c5367f,a786,b731,0.738,1,0.8,"Same title and mostly same cast, but different director name and year"
72b535d020b06a7b,b1846,d24,0.737,1,0.8,"Same title and most cast members, but minor director name and year differences"
c9a58eb602d6dfaa,a1218,b1048,0.736,1,0.8,"Same title and mostly same cast, but minor director name and year differences"
d31fc853f9a147ff,c316,d742,0.731,1,0.8,"Same title and mostly same cast, but different year and slightly different director name"
40088d8c35137cbe,a2082,b1837,0.73,1,0.8,"Same title and cast, minor director name variation and year difference"
caeeaa274cf60ac0,d1114,d951,0.724,0,0.0,Different title and director
0e3a30343f4f72ad,a2169,d3165,0.722,1,0.8,"Same title, director, and most cast members, but different year and additional cast members in Record B"
27cf7840aa52e5bc,a2019,b1782,0.721,1,0.8,"Same title and cast, minor director name variation and year difference"
29f950f260144959,c3537,c3538,0.719,0,0.0,"Different title, director, and cast"
b89f339f9a96f7be,a360,d2360,0.718,1,0.8,"Same title and mostly same cast, but minor director and year differences"
8290e71788be1112,a1853,b1626,0.718,1,0.8,"Same title and main cast, minor director name variation and year difference"
3212c0b006f72741,c291,d737,0.716,0,0.0,Different titles and casts
cbbe3909b65c86bf,a2222,c291,0.716,0,0.0,"Different title, director, and cast"
93a76caa1fb8d6ba,a328,d2472,0.714,1,0.8,"Same title and mostly same cast, but different year and additional director"
0de2a55e9c7e546f,c1684,d2635,0.714,1,0.8,"Same title and mostly same cast, but different year and slightly different director name"
c0523be1f234d981,a1082,d2625,0.711,1,0.8,"Same title, director, and main cast, but different year and additional cast members in Record B"
3ff811aebb180afb,a2723,b2488,0.711,0,0.6,"Similar title and partial cast match, but different director spelling, year, and additional cast members"
116a4d3e37d1dd9a,a1833,d281,0.71,1,0.8,"Same title, director, and main cast, but different year and additional cast members in Record B"
6acecd0053bc114c,b304,c1684,0.71,1,0.8,"Same title and most cast members, but different director and year"
4922cd694945388d,a1293,b1116,0.709,0,0.6,"Same title and cast, but different director and year"
338ebbc4c0400a62,a243,d1820,0.708,1,0.8,"Same title and mostly same cast, but different year and additional director"
18f234c2f16a4a19,a2488,b1981,0.708,0,0.0,Different titles and casts
59d32a53779e7052,b1981,b2268,0.708,0,0.0,"Different title, director, and cast"
ac74520a94e53fc6,c4691,c4727,0.707,0,0.0,"Different title, director, and cast"
290c9ab5f0c8b767,b731,d2756,0.707,1,0.8,"Same title and most cast members, but different director spelling and year"
a36637cd9f34d42c,c6903,d3514,0.706,1,0.8,"Same title and mostly same cast and director, but slight year and director difference"
ba2fce41b6677b30,a471,b449,0.706,1,0.8,"Same title and mostly same cast, but slight director name variation and year difference"
45a8e77cee5af846,a1604,b1392,0.705,0,0.6,"Similar title and some matching cast, but different director spelling, year, and additional cast members"
7f505fecdb7345f1,a2829,d849,0.704,0,0.0,Different title and cast
3e83e00dc97bafc6,b2585,d849,0.704,0,0.0,Different title and cast
4b00f5ee9f290585,d1001,d849,0.704,0,0.0,Different title and cast
6fea1b537d4e6ac4,b358,c375,0.704,0,0.7,"Similar title and cast, but different director name and year"
ba98ad10d4897f51,d2509,d2551,0.704,0,0.0,Different titles and directors
88e86263505f08a6,a380,d2551,0.704,0,0.0,Different titles and casts
f946d837d0b3586d,b362,d2551,0.704,0,0.0,Different title and cast
75fd17a9ab84bf02,a1844,b1618,0.703,1,0.8,"Same title and similar cast, but different year and slightly different director name"
9a96eefe58ddc0fa,a2303,d19,0.701,1,0.8,"Same title and director, minor cast and year differences"
9adc6d29172cba16,b2318,d3115,0.7,1,0.8,"Same title and director (with additional co-director), similar cast, but different year"
db9568303f23c064,c688,d1232,0.699,0,0.6,"Same title and overlapping cast and director, but different year and director order"
964b74e71ea174a8,b2179,d3094,0.698,1,0.8,"Same title and most cast members, but minor director name and year differences"
0ab370e2d1417493,a1127,d113,0.697,1,0.8,"Same title and main cast, minor director name variation and 1-year difference in release year"
e965f1f425a9565b,a612,d2278,0.697,1,0.8,"Same title and mostly same cast, but different year and additional director"
13301076716b9b60,a2935,d1747,0.695,1,0.8,"Same title and main cast, different year and director formatting"
c778032bce84eafa,a1390,b1210,0.692,1,0.8,"Same title and main cast, but minor director name variation and year difference"
c99fec864933b7e2,a2769,d1557,0.691,1,0.8,"Same title and mostly same cast, but different director and year"
4e8f753f3f526fda,a2779,c743,0.69,0,0.0,Different titles and casts
1ad0d55012a6ecb1,a1896,a1897,0.687,0,0.0,Different titles and casts
6677862daf654118,a1896,b1668,0.687,0,0.0,Different titles and casts
8b9902e277c2f3cc,a612,b575,0.684,0,0.6,"Same title and some cast members, but different directors and years"
97c8574cf9150499,a2179,b1922,0.683,0,0.6,"Similar title, but differences in director name, year, and cast"
fdd5005ba37e7ccf,a2638,b2408,0.682,0,0.6,"Similar title and cast, but different year and slightly different director and cast names"
41d492f440ff597b,a2626,b2395,0.682,1,0.8,"Same title and mostly same cast, minor director name variation"
be5ffe5ee03580a6,a2293,b2023,0.68,1,0.8,"Same title and similar director and cast, but different year and extra cast member"
55faed2e2d453b55,c399,c435,0.68,0,0.0,"Different title, director, and cast"
ddef602b318f1036,c653,d1251,0.679,1,0.8,"Same title and director (despite minor name order variation), similar cast, but different year and additional cast members in Record B"
9cef81b416644a04,a2795,d1425,0.679,1,0.8,"Same title and mostly same cast, but different year and slightly different director"
8fa8647fdd5c73ab,c2497,d155,0.679,1,0.8,"Same title and cast, different year and director spelling"
4029ae1b14bf7634,b2702,c1258,0.678,1,0.8,"Same title and similar cast, but different year and slightly different director name"
04dbcdb12e4cb97e,b1066,c799,0.678,0,0.0,"Different title, director, and cast"
739673706625fc0c,c1051,d1580,0.678,1,0.8,"Same title and director (partial match), similar cast, but different year and additional director/cast members"
a6f5b3793df2a4fb,a1118,d100,0.676,0,0.0,Different title and cast
b22d6b629cc1665e,b2983,d3484,0.675,0,0.6,"Same title and some cast members, but different year and slightly different director name"
5537a862ce8019a8,c1510,c1618,0.674,0,0.0,"Different title, director, and cast"
29d41dd6cfafba03,d860,d897,0.672,0,0.0,Different titles and directors
f8d498214c08aef7,b2164,d100,0.671,0,0.0,Different title and cast
974d483bb31f5143,a1645,b1428,0.671,0,0.6,"Same title and some cast members, but different year and additional cast members"
5ab8e0e91ee6ef80,a2348,b2067,0.671,0,0.6,"Same title, but different director spelling, year and cast"
dc43ff1e3117f4d7,a1421,b1238,0.67,1,0.8,"Same title and cast, minor director name variation"
3f93429f8d4d01f4,a241,d1675,0.67,0,0.0,"Different title, director, and cast"
a75ba9d2d0e013e0,c215,d897,0.669,0,0.0,Different titles and directors
921911ba5475fe7a,a1178,b1010,0.668,0,0.6,"Similar title, but different director spelling and year"
408d49a1af0d35c4,a1896,c2510,0.667,0,0.0,"Different title, director, and cast"
a27975119888f1f6,a1091,b2138,0.665,0,0.4,"Same title, but different director name, year and mostly different cast"
876d890db588ec81,c5563,c5573,0.664,0,0.2,"Different titles and casts, only shared year"
a147c8b43d21565e,b2579,c862,0.662,0,0.0,Different title and cast
80450ba7493b65f0,a2823,c862,0.662,0,0.0,"Different title, director, and cast"
0554bed32fea8a03,c592,c862,0.662,0,0.0,"Different title, director, and cast"
822044ce7bf764b8,c862,d1803,0.662,0,0.0,"Different title, director, and cast"
328e78e42170e9af,c4668,c4676,0.66,0,0.0,"Different title, director, and cast"
7dbe1bd876bcf8a3,c225,c295,0.658,0,0.0,"Different title, director, and cast"
50252249547c601e,a2621,b2390,0.658,0,0.0,Different title and cast
8695c555d18420b2,a2622,b2389,0.658,0,0.0,Different titles and casts
7bfe68741a48f6c9,a2621,a2622,0.658,0,0.0,Different title and cast
34f987f2d24764b4,b2389,b2390,0.658,0,0.0,Different title and cast
bb88375de41042dd,d1675,d2060,0.657,0,0.0,Different titles and casts
c45638ae9cad775b,b1838,c2305,0.656,0,0.0,Different title and cast
4767f3ca8835cf33,c2305,d84,0.656,0,0.0,Different title and director
2c54778e7299112d,b237,d1675,0.656,0,0.0,"Different title, director, and cast"
5070c0bdbc510fb4,a241,b230,0.655,0,0.0,"Different title, director, and cast"
b3bfd5d622ccbd51,a2726,c684,0.655,0,0.0,"Different title, director, and cast"
02188dafa0df19d2,a233,a241,0.655,0,0.0,"Different title, director, and cast"
878c1450f30a58e2,a241,c939,0.655,0,0.0,"Different title, director, and cast"
21784f7d46fe9c23,c684,d1698,0.655,0,0.0,Different title and cast
79aead33c2e80839,b2491,c684,0.655,0,0.0,"Different title, director, and cast"
69f15e698a0d7389,d1357,d729,0.654,0,0.0,Different title and cast
a914c52e4a766032,c4532,c4592,0.654,0,0.0,Different titles and directors
f4382bc21fa522d6,c3222,c3232,0.653,0,0.0,Different titles and casts
373d0bf988df446f,a2246,d3015,0.652,0,0.0,"Different title, director, and cast"
2c88525cc9a6a60e,c3050,c3112,0.652,0,0.0,"Different title, director, and cast"
6b55e9cbf0a76d5e,b1297,c3050,0.652,0,0.0,Different title and cast
3e329dd4140581d7,c1092,c999,0.652,0,0.0,"Different title, director, and cast"
b858d19b75d1e91e,a1489,c3050,0.652,0,0.0,"Different title, director, and cast"
7db1ef3031f61129,a1204,b1226,0.652,0,0.0,Different director and cast
dd4c3fa69971e434,a1204,a1407,0.652,0,0.0,"Different title, director, and cast"
27e93e03b7c6e806,a1833,b1608,0.749,1,0.8,"Same title, director, and main cast, but different year and additional cast member"
38215ed71065a910,a1550,b1349,0.749,1,0.8,"Same title, director, and most cast members, but different year and extra cast member in Record B"
750a4319b6aee376,a1598,b1387,0.749,1,0.8,"Same title and cast, minor director name variation and year difference"
6baddb0343981269,b1846,d24,0.745,1,0.8,"Same title and mostly same cast, but minor director name variation and year difference"
641001d25d2ee959,a786,b731,0.744,1,0.8,"Same title and mostly same cast, but minor director name and year differences"
b42a34141bf3a161,a1218,b1048,0.743,1,0.8,"Same title and mostly same cast, but minor director name and year differences"
592ceeb38737cf06,c316,d742,0.738,1,0.8,"Same title and mostly same cast, but different year and slightly different director name"
19087114f2203a67,a2082,b1837,0.736,1,0.8,"Same title and cast, minor director name variation and year difference"
d691310700a688ce,b1914,d3165,0.736,1,0.8,"Same title, director, and most cast members, but different year and extra cast members and director duplication in Record B"
d6a8acca9b15f832,d1114,d951,0.726,0,0.0,Different title and director
34c937b679ae55df,a2019,b1782,0.726,1,0.8,"Same title and most cast members, but minor director name variation and year difference"
af35af49b9d7e5b3,a1853,b1626,0.723,1,0.8,"Same title and main cast, minor director name variation and year difference"
5c86586f22203ef8,c3537,c3538,0.722,0,0.0,Different title and cast
878772578a65b824,c1684,d2635,0.72,1,0.8,"Same title and mostly same cast, but different year and slightly different director name"
f44d012a74963615,a360,d2360,0.72,1,0.8,"Same title and mostly same cast, but minor director and year differences"
5176c74448a40019,a2169,d3165,0.719,1,0.8,"Same title and director, similar cast, but different year and extra director and cast members in Record B"
31cc909f7c8f50e8,c291,d737,0.718,0,0.0,Different titles and casts
6d839685f4d32c47,a2222,c291,0.718,0,0.0,"Different title, director, and cast"
e8be09c029148c66,a2723,b2488,0.718,0,0.6,"Similar title and partial cast match, but different year and director spelling"
407168f3240d5cf4,a1082,d2625,0.718,1,0.8,"Same title, director, and main cast, but different year and additional cast members in Record B"
1b5fc1e75a70c6d4,a1833,d281,0.717,1,0.8,"Same title, director and main cast, but different year and additional cast members in Record B"
9f726943a909b8d9,a328,d2472,0.716,1,0.8,"Same title and mostly same cast, but different year and additional director"
048e5106b25819d2,b304,c1684,0.715,1,0.8,"Same title and most cast members, but different director year and slight director name variation"
5c43debbe4dfba1f,b731,d2756,0.714,1,0.8,"Same title and mostly same cast, but different director spelling and year"
b6bb71169b8d5083,a1293,b1116,0.713,0,0.6,"Same title and cast, but different director and year"
512abb033478a4f0,a471,b449,0.713,1,0.8,"Same title and mostly same cast, but slight director name variation and year difference"
52981101c63f991d,a1604,b1392,0.712,0,0.6,"Similar title and some matching cast, but different director spelling and year"
bb74d3d0ed8f39a2,b358,c375,0.71,0,0.7,"Similar title and cast, but different director spelling and year"
5c4b9fe136a4c0ab,b1981,b2268,0.71,0,0.0,"Different title, director, and cast"
33e70c7fab819a47,a2488,b1981,0.71,0,0.0,Different titles and casts
53a74931aab2d24c,a1844,b1618,0.71,0,0.6,"same title and some cast, but different year and slightly different director name"
94cd7fd571988192,c4691,c4727,0.71,0,0.0,"Different title, director, and cast"
c1c237b0b5a137d0,a243,d1820,0.709,1,0.8,"Same title and main cast, but different year and additional director"
e3da72f5220d081e,c6903,d3514,0.708,1,0.8,"Same title and mostly same cast and director, but slight year and director difference"
e89826ffaaf4039f,b362,d2551,0.706,0,0.0,Different titles and casts
3f61e95e47ed6625,a380,d2551,0.706,0,0.0,Different titles and casts
bf4d642961a20b93,d2509,d2551,0.706,0,0.0,Different titles and directors
ba6891f44a8e7be7,a2829,d849,0.706,0,0.0,Different title and cast
49fd65067f97fafa,d1001,d849,0.706,0,0.0,Different title and cast
5b15370f54a6771d,b2585,d849,0.706,0,0.0,Different title and cast
56f708725d313636,a1127,d113,0.704,1,0.8,"Same title and main cast, but minor director name variation and year difference"
9f181e3a6de23360,b2179,d3094,0.703,1,0.8,"Same title and most cast members, but minor director name and year differences"
1f21f296b7477b73,b2318,d3115,0.701,1,0.8,"Same title and mostly same cast, but different year and additional director"
0e11e37fad7cdc7d,a2935,d1747,0.7,1,0.8,"Same title and main cast, different year and director formatting"
4a03d353557891e7,c688,d1232,0.7,0,0.6,"Same title and overlapping cast and directors, but different year and director order"
6cdff4239cc52768,a1390,b1210,0.698,1,0.8,"Same title and main cast, but slightly different director name and year"
9838586cb884f4ca,a2303,d19,0.698,1,0.8,"Same title and director, minor cast and year differences"
6b9b897d080aedbd,a612,d2278,0.698,1,0.8,"Same title and mostly same cast, but different year and additional director"
ed46401685d3d01d,a2769,d1557,0.692,1,0.8,"Same title and mostly same cast, but different director and year"
0bb03b9022ad591f,a2779,c743,0.692,0,0.0,Different title and cast
362fe6f3ed8ee85b,a2082,b1837,0.749,1,0.8,"Same title and cast, minor director name variation and year difference"
ebc374595ac0ff2e,a2019,b1782,0.738,1,0.8,"Same title and most cast members, but minor director name variation and year difference"
6091621402ce7f9d,a1853,b1626,0.734,1,0.8,"Same title and main cast, minor director name variation and year difference"
e6d80ee2037042f2,a2723,b2488,0.733,0,0.6,"Similar title and some matching cast, but different year and slightly different director name"
30c0de6f5dcab76c,d1114,d951,0.732,0,0.0,Different title and director
209a2fdbba8a793e,a1082,d2625,0.732,1,0.8,"Same title, director, and main cast, but different year and additional cast members in Record B"
a019d3e1e6558130,c1684,d2635,0.732,1,0.8,"Same title and mostly same cast, but different year and slightly different director name"
529bc39706627d3a,a1833,d281,0.731,1,0.8,"Same title, director, and main cast, but different year and additional cast members in Record B"
f4da7977d1cbf5a4,a2769,d1557,0.742,1,0.8,"Same title and mostly same cast, but different director and year"
5a9769c8fd8dd5b7,c1051,d1580,0.736,1,0.8,"Same title and director (partial match), similar cast, but different year and additional director/cast members"
a1370d65328b0c1a,a2795,d1425,0.736,1,0.8,"Same title and mostly same cast, but different year and slightly different director"
3f595b64b5cd8608,c1684,d2635,0.719,1,0.8,"Same title and mostly same cast, but different year and slightly different director name"
806a25bfa886dc96,b182,d2027,0.7,1,0.8,"Same title and mostly same cast, but different director and additional cast members in Record B"
5d166a58c9e5546a,a209,d2176,0.698,0,0.2,"Different title, year, and most cast members"
dc27dff1e6794028,b204,d2176,0.692,0,0.2,"Different title, year, and most cast members"
fb29d67128f28015,d860,d897,0.69,0,0.0,Different titles and directors
ccf913aa2e029ba9,a2133,d38,0.686,1,0.8,"Similar title and cast, minor director and year differences"
be7890cdcbd66ee6,d1675,d2060,0.685,0,0.0,Different titles and casts
bd3666b33d9dbf4d,c939,d2060,0.669,0,0.0,Different titles and casts
8c4d49941dc0636d,a233,d2060,0.669,0,0.0,Different titles and casts
143ba26e12b55353,b230,d2060,0.669,0,0.0,Different title and cast
2239b8d39e86a839,d1530,d1684,0.668,0,0.0,Different titles and directors
0876d9672c2dd5c6,a2637,d1530,0.668,0,0.0,Different title and director
cea0b7782c47b9d0,c613,d1530,0.668,0,0.0,Different title and director
8e558304d00c95e9,b2407,d1530,0.668,0,0.0,Different title and director
16c55a8422e7ebad,c285,d2063,0.665,0,0.6,"similar director and cast, but different title and year"
04c5d039b533967c,a687,d3043,0.663,0,0.2,Different titles and directors
132f4a6cd9f7f69b,b641,d3043,0.663,0,0.2,Different title and director
ce9e993fbac3dd9b,d2946,d3043,0.663,0,0.0,Different title and director
270b077c06592a74,c1932,d3043,0.663,0,0.2,Different title and director
8719940072a2eb47,b2477,d2430,0.652,0,0.2,"Different title and year, although some cast members are the same"
b11aca4f6c768650,b47,d3439,0.65,0,0.2,Different year and director
9d6b2906646e83a6,a1569,b1368,0.7495,1,0.8,"Same director, year, and partial cast match, but different title formatting and some cast differences"
212ceeac0a7dd7a7,b2592,d1335,0.7489,1,0.8,"Same title and director, similar cast, but different year and additional cast members in Record B"
397f923c0e28cc2e,a2019,b1782,0.74865,1,0.8,"Same title and most cast members, but minor director name variation and year difference"
88b3f5f78c268d18,d2217,d2312,0.7484,0,0.2,Different title and year
df337a858e245001,b2715,b2716,0.7478,0,0.4,"Same director and year, but different title and cast"
f6c919e6b0325170,a2723,b2488,0.74695,0,0.6,"Similar title and partial cast match, but different year and director spelling"
48b07ce2b6b4972c,a1082,d2625,0.7461000000000001,1,0.8,"Same title, director, and main cast, but different year and additional cast members in Record B"
06fa84da94dd4cdf,a2128,d151,0.7458,1,0.8,"Same title, director, and main cast, but different year and additional cast members in Record B"
afe8898a9e94d4b5,a2647,d1667,0.7458,1,0.8,"Same title and director, similar cast, but different year and additional cast members in Record B"
a887aaad2e0b3c42,a2708,d1743,0.7458,1,0.8,"Same title and director, similar cast, but different year"
db4dc123645ec321,c253,d441,0.7458,1,0.8,"Same title and director, but different year and additional cast members"
1fa7b1ef1fbe65fc,c317,d773,0.7458,1,0.8,"Same title and director, but different year and additional cast members"
7387ebdb4d1135c1,a728,d2864,0.7458,1,0.8,"Same title and director, but different year and additional cast members in Record B"
4eb8079e5587a4cc,c220,d786,0.7458,0,0.7,"Same title and director, but different year and cast"
522767bcc3266e33,a706,d1369,0.7458,1,0.8,"Same title, director, and main cast, but different year and additional cast members in Record B"
0e3fbffdbebe01f3,b1834,d135,0.7458,1,0.8,"Same title and director, similar cast, but different year"
0532734a48342c62,a1078,d2696,0.7458,1,0.8,"Same title and director, similar cast, but different year"
15b3d1a1c0d2281d,a735,d2820,0.7458,1,0.8,"Same title and director, minor year discrepancy"
67180879785ebc84,c2509,d171,0.7458,1,0.8,"Same title, director, and main cast, but different year and additional cast members"
27564efbb2a8e4a6,b1704,d288,0.7458,1,0.8,"Same title and director, minor year discrepancy and additional cast members"
25a16b88530ad54f,b2136,d2982,0.7458,1,0.8,"Same title, director, and most cast members, but different year and some cast members"
83b872d142fbc3f6,c2301,d133,0.7458,1,0.8,"Same title and director, but different year and cast"
0f884a7a2115acbf,a2481,d3128,0.7458,1,0.8,"Same title, director, and most cast members, but different year"
17e91caef12f5a58,a1833,d281,0.7453500000000001,1,0.8,"Same title, director, and main cast, but different year and additional cast members in Record B"
76483a842a178593,b2716,d1695,0.7446,0,0.2,"Different title and cast, same director and year"
06d521b0f0d750c6,a1853,b1626,0.7445999999999999,1,0.8,"Same title and main cast, minor director name variation and year difference"
fc67181305435c04,c2275,d63,0.7425,1,0.8,"Same title and director, but different year and cast"
0262e22a408aa815,a2769,d1557,0.7425,1,0.8,"Same title and mostly same cast, but different director and year"
79f290ca8c747f4b,b2708,d1396,0.7425,1,0.8,"Same title, director, and most cast members, but different year"
4d37d4a4bea62783,a2727,d1253,0.7425,1,0.8,"Same title, director, and main cast, but different year and additional cast members in Record B"
7f9227f4617dbf18,a2385,d63,0.7425,1,0.8,"Same title and director, but different year and cast"
717919cc7ec565a3,a2080,d103,0.7411,1,0.8,"Same title and director, similar cast, but different year and some cast variations"
af3812c6b8d74ff0,a941,d2609,0.7411,1,0.8,"Same title and director, similar cast, but different year and some cast members"
3b45f7a16f2b56ab,a2303,d19,0.7411,1,0.8,"Same title and director, minor cast and year differences"
fb85e7e798a1a59b,c1819,d2471,0.7411,1,0.8,"Same title, director, and main cast, but different year"
f86d1f1a2386d368,b731,d2756,0.74025,1,0.8,"Same title and most cast members, but different director spelling and year"
8b25511a784857db,a471,b449,0.7400500000000001,1,0.8,"Same title and mostly same cast, but slight director name variation and year difference"
63281aaf9b9dd1dc,a2837,d1335,0.7398,1,0.8,"Same title, director, and main cast, but different year and additional cast members in Record B"
7e12976c760fff3a,a1604,b1392,0.73885,0,0.6,"Similar title and some matching cast, but different director spelling, year, and additional cast members"
7d40fae5aee72a0f,d1114,d951,0.7384999999999999,0,0.0,Different title and director
286073316da73027,b1906,d3100,0.7375,1,0.8,"Same title and director, but different year and additional cast members in Record B"
b3ff0e899556a127,b358,c375,0.7375,0,0.7,"Similar title and cast, but different director spelling and year"
f8b3db97d0fe4ffc,a2652,d1341,0.7375,1,0.8,"Same title, director, and main cast, but different year"
b2d88b72f0d969de,c2178,d2971,0.7375,1,0.8,"Same title and director, but different year and additional cast members"
8e3ff51f4c57baac,c239,d650,0.7375,1,0.8,"Same title and director, but different year and some cast members"
68ce287ad0536a67,a2385,d63,0.743,1,0.8,"Same title and director, but different year and additional cast members in Record B"
c98d0ac35e600d34,c2275,d63,0.743,1,0.8,"Same title and director, but different year and cast"
a91d6cf6463760de,b2708,d1396,0.743,1,0.8,"Same title, director, and most cast members, but different year"
4f405da367e0deeb,a2769,d1557,0.743,1,0.8,"Same title and mostly same cast, but different director and year"
af990c80f984b288,a2727,d1253,0.743,1,0.8,"Same title and director, minor year difference and additional cast members"
cc3c6177e16d5fbd,a2667,d1742,0.737,1,0.8,"Same title, director, and partial cast, but different year and additional cast members in Record B"
dcbfdc23f198bf06,c1347,d2072,0.733,0,0.8,"same title and director, but different year and cast"
fba74c70b3b07f01,a344,d2516,0.733,1,0.8,"Same title and director, similar cast, but different year and additional cast members in Record B"
b01ef5787b111bc5,a501,d2135,0.731,0,0.2,Different title and year
37f67bbe9308bb1d,a1390,b1210,0.723,1,0.8,"Same title and main cast, but different director spelling and year"
36fe511ea298de5c,c3438,c4198,0.717,0,0.6,"Different title and year, but same director and cast"
96ecb59383eb576a,c4198,c4569,0.717,0,0.7,"Different title and year, but same director and cast"
d9cbd1180a8924f5,c3438,c4569,0.717,0,0.0,Different title and year
f9e268dbd1ac8656,a3,c285,0.715,0,0.7,"Different title and year, but same director and cast"
679219756d806525,c285,c907,0.715,0,0.7,"similar cast and director, but different title and year"
9d3ef68f48824b1d,a2400,b2111,0.713,0,0.2,Different year and cast
11b3e316b51f4861,a464,d2322,0.713,1,0.8,"Same title and director, but different year and missing cast in Record B"
b48405a4bc87fcc8,c574,d1799,0.713,0,0.2,Different year and cast
e69dfd9d62a85ac1,a2013,b1779,0.713,0,0.4,"Same title and director, but different year and cast"
f5afac7949d0dbd5,b2536,c2333,0.713,1,0.8,"Same title and director, similar cast, but different year"
0c63abc0ec5b9672,a2742,d1799,0.713,0,0.2,Different year and cast
53bbb387c9b5a0e5,a2028,b1789,0.713,0,0.6,"Same title and director, but different year and some cast members"
3ba37bdb0da3148c,a421,d2299,0.713,1,0.8,"Same title and director, but different year"
d4361c341cd0ada6,a1717,b1500,0.713,0,0.6,"Same title and director, but different year and cast"
d308d15e829c79d5,a1748,d220,0.713,1,0.8,"Same title and director, but different year"
d8391b1160e75961,a2597,d3121,0.713,1,0.8,"Same title and director, but different year"
e00d4a3130f67e48,a1137,d3094,0.713,0,0.2,Different year and cast
368551043a4534ea,b796,d2840,0.713,1,0.8,"Same title and director, but different year"
bd2993b3c1adc22b,a2047,b1806,0.713,0,0.2,Different cast and year
78c345f16262cb19,a1545,b1343,0.713,0,0.6,"same title and director, but different year and cast"
8845795e1703d342,a2744,b2507,0.713,0,0.6,"Same title and director, but different year and cast"
bbf7b0d62a3c1f10,a1072,b995,0.713,0,0.6,"Same title and director, but different year and cast"
3461d875ac4b3652,a2013,d314,0.713,0,0.4,"Same title and director, but different year and cast"
c27fa519f16ba170,b2369,d3121,0.713,1,0.8,"Same title and director, but different year"
5733b47d0db8d1f9,b267,d954,0.713,1,0.8,"Same title and director, but different year"
29373450b20516ce,a1072,d2667,0.713,1,0.8,"Same title and director, but different year"
651b45fdcc9d8c39,a2478,d13,0.713,0,0.8,"Same title and director, but different year"
a47f0bfa9644587f,b2505,d1799,0.713,0,0.2,Different year and cast
06307d02b484fe9f,a1139,b2181,0.713,0,0.2,Different cast and year
c3bb222be2b96a8f,a468,d2364,0.713,1,0.8,"Same title and director, but different year"
f5e2b0bdba99176a,a852,d2840,0.713,1,0.8,"Same title and director, but different year"
34384fcc09534670,a1168,b2207,0.705,1,0.8,"Same director, year, and partial cast match, but title and full cast differ slightly"
868b2249822192a9,c2101,c2259,0.703,0,0.6,"Same director and cast, but different title and year"
aae0171358758b64,a2311,c2101,0.703,0,0.6,"Different title and year, but same director and cast"
32bfd2927fbf9b5d,a2546,c2259,0.703,0,0.6,"Same director and cast, but different title and year"
983b8092a4df5f29,a2311,a2546,0.703,0,0.6,"Different titles and years, but same director and cast"
bea6039207d6c10b,a209,d2176,0.699,0,0.2,"Different title, year, and most cast members"
a2b434ebad6142b5,c399,c435,0.695,0,0.0,"Different title, director, and cast"
3d3dbc0f20384c72,b204,d2176,0.693,0,0.2,"Different title, year, and most cast members"
7d4b7d30bc12085f,c6714,c6720,0.693,0,0.6,"Same director and cast, but different title and year"
c8584ce354a5e9ed,a209,a604,0.689,0,0.2,"Different title and year, same director"
23a7b64f81e352af,a412,b568,0.689,0,0.2,Different title and cast
8213caba81914658,b568,d2375,0.689,0,0.2,"Different title and year, similar director"
0857f049da8b8074,b394,b568,0.689,0,0.2,Different title and cast
ecbf4634080f00a9,c3943,c4007,0.685,0,0.2,Different title and cast
bf9ef43954ce9c51,c4760,c4865,0.681,0,0.2,"Different title, year, and cast"
fd002ece7371c74f,a2727,d1751,0.669,0,0.0,Different title and cast
c55a739ef6b4aa19,c3938,c4147,0.667,0,0.4,"Similar director and cast member, but different title and year"
a511730bb7e74d97,b1529,b2062,0.665,0,0.2,"Different title and year, similar director name"
237af971e16ea83e,a900,d2615,0.653,0,0.0,"Different title, director, and cast"
e4a94ccf60677256,a898,a900,0.653,0,0.0,Different directors and casts
99804f373db40b0b,a900,b837,0.653,0,0.0,Different directors and casts
a724780eb3e7f0cb,a1323,b589,0.653,0,0.6,"Different title and year, but same director and main cast"
7bfe9582f49a8ddc,a1323,b1147,0.653,0,0.6,"Different title and year, but same director and some cast members"
8f6ee66b816dc28c,d2615,d2810,0.653,0,0.2,"Different director and title, despite same year"
dcaa95169ca07f72,a898,d2810,0.653,0,0.2,"Different director and title, despite same year"
c0ed731ee48bb980,b1545,d1976,0.653,0,0.6,"Similar director and cast, but different title and year"
71cd57f74792b7d1,b837,b839,0.653,0,0.0,Different director and cast
191de912f1777aae,a898,b839,0.653,0,0.0,"Different titles, directors, and casts"
4b4c01180417cf96,b837,d2810,0.653,0,0.2,"Different directors and titles, despite same year"
249102351177840d,b839,d2615,0.653,0,0.0,Different director and cast
cec2f8d3c31747b5,c626,d2800,0.65,0,0.2,Different title and year
ebb6a694ea257431,c2333,d104,0.65,1,0.8,"Same title and director, minor cast and year differences"
1ce247db96f57016,a2730,d2800,0.65,0,0.2,Different title and year
dc3268e595839e2c,b19,d1168,0.65,0,0.4,"Different title and year, although same director and some cast members"
