id1,id2,classic_score,match,confidence,explanation
a3,d285,0.7142857142857143,0,0.95,different title and year
d285,d907,0.7142857142857143,0,0.95,different title and year
a8,b8,0.6666666666666667,1,0.85,"same title and director, minor cast inconsistencies"
a11,b12,0.7250000000000001,1,0.9,"same title, director, and main cast"
b12,d981,0.7250000000000001,1,0.9,"same title and director, minor cast inconsistency"
a12,b13,0.7250000000000001,1,0.85,"same title and director, similar cast"
a14,b15,0.6666666666666667,1,0.8,"same title and director, overlapping cast"
a16,b18,0.6900000000000001,1,0.85,"same title and director, overlapping cast, but different and incomplete year information"
b18,d903,0.6666666666666667,0,0.6,"same title and director, but different cast and year"
a17,b1545,0.6682608695652175,0,0.95,different title and year
a17,d235,0.6782608695652175,0,0.95,different title and year
b1545,b19,0.6615942028985508,0,0.95,different title and year
b19,d235,0.6682608695652175,0,0.95,different title and year
b1545,d901,0.6682608695652175,0,0.95,different title and year
b1545,c1976,0.6532608695652175,0,0.95,different title and year
d235,d901,0.6782608695652175,0,0.95,different title and year
c1976,d235,0.656832298136646,0,0.95,different title and year
c1168,c1976,0.654927536231884,0,0.95,different title and year
a20,b22,0.7250000000000001,1,0.9,"same title, director, and most of the cast"
a23,b25,0.7250000000000001,1,0.85,"same title and director, minor cast inconsistencies"
a26,b27,0.6900000000000001,0,0.8,"same title and director, but different year and partially different cast"
a28,b30,0.65,1,0.75,"same title and director, but different cast and missing year in Record B"
a35,b37,0.6833333333333333,1,0.9,"same title and director, missing year in Record B"
a39,b40,0.7250000000000001,1,0.95,"same title, director and main cast"
a52,b54,0.65,1,0.9,"same title and director, year and cast differences can be due to incomplete or alternative data"
a59,b60,0.7250000000000001,1,0.95,"same title, director, and most of the cast"
a72,b72,0.6900000000000001,1,0.9,"same title, director, and partial cast match"
a84,b84,0.7250000000000001,1,0.9,"same title and director, minor cast inconsistency"
a85,b85,0.7250000000000001,1,0.9,"same title, director, and most of the cast"
a110,b109,0.7250000000000001,1,0.85,"same title, director, and most of the cast"
a116,a521,0.6971153846153846,0,0.95,different title and year
a521,b115,0.6721153846153847,0,0.95,different title and year
a120,b118,0.65,1,0.9,same title and director
a121,b119,0.6900000000000001,1,0.85,"same title and director, minor cast inconsistency"
a132,b127,0.7250000000000001,1,0.85,"same title, director, and most of the cast"
a138,b133,0.7250000000000001,1,0.9,"same title, director and main cast"
b133,d1001,0.7250000000000001,1,0.9,"same title, director, and most of the cast"
a141,b136,0.7250000000000001,1,0.9,"same title, director and main cast"
a165,c349,0.6570175438596492,0,0.95,different title and year
a184,b182,0.6900000000000001,1,0.85,"same title, director, and main cast members, minor inconsistency in cast and missing year in Record B"
b182,d936,0.6900000000000001,1,0.85,"same title and director, minor cast inconsistencies"
b194,d2876,0.6738709677419356,0,0.95,different title and year
c1961,d2876,0.6560931899641578,0,0.95,different title and year
a209,a604,0.6886904761904761,0,0.95,different title and year
a218,b214,0.7250000000000001,1,0.8,"same title, director, and main cast, minor year discrepancy"
a222,b217,0.65,1,0.8,"same title and director, different year and cast"
a222,c1934,0.65,1,0.85,"same title and director, minor year inconsistency"
a238,c1819,0.6730769230769231,0,0.95,different title
b235,c1819,0.6730769230769231,0,0.95,different title
c1819,c1864,0.6730769230769231,0,0.95,different title
a243,c1820,0.7149390243902439,1,0.85,"same title, director and most of the cast, minor year and director inconsistency"
a251,b248,0.65,1,0.75,"same title and director, but different cast and missing year in Record B"
a291,b285,0.67,1,0.85,"same title and director, year and cast differences but possible variations"
b304,d1684,0.7339285714285715,1,0.85,"same title and main cast, minor inconsistency in year and director"
c2635,d1684,0.7441216216216215,1,0.85,"same title and main cast, minor director and year inconsistencies"
a328,c2472,0.7230263157894737,1,0.85,"same title, director and main cast, minor year inconsistency"
a344,c2516,0.7325,1,0.85,"same title and director, minor year inconsistency and cast overlap"
a2757,a347,0.65,0,0.95,different title and year
a2757,b336,0.675,0,0.95,different title and year
b2520,b336,0.6599999999999999,0,0.95,different title and year
a352,c2312,0.7187834224598931,0,0.95,different title and year
c2217,c2312,0.7485047846889953,0,0.95,different title and year
b340,c809,0.6595238095238094,0,0.95,different title and year
c2503,c809,0.6625541125541125,0,0.95,different title and year
a356,d222,0.68,0,0.95,different title and year
a356,c1121,0.6572727272727272,0,0.95,different title and year
a360,c2360,0.7251315789473685,1,0.85,"same title and main cast, minor inconsistencies in year and director"
a400,b382,0.672,1,0.8,"same title and main cast members, minor inconsistencies in director's name and cast"
a411,b393,0.7250000000000001,0,0.85,"same title, director and main cast, but different year"
a412,b568,0.6886904761904761,0,0.95,different title and year
b394,b568,0.6886904761904761,0,0.95,different title and year
b568,c2375,0.6886904761904761,0,0.95,different title and year
a421,c2299,0.7125,1,0.8,"same title and director, minor year inconsistency"
a433,b413,0.6685483870967741,1,0.9,"same year, director, and main cast, minor title variation"
a435,b761,0.6955882352941176,0,0.95,different title and year
b415,b761,0.7205882352941175,0,0.95,different title and year
b415,c3055,0.6569518716577539,0,0.95,different title and year
a440,b419,0.6900000000000001,1,0.85,"same title and director, minor cast differences and missing year in Record B"
a464,c2322,0.7125,1,0.85,"same title and director, minor year inconsistency"
a2617,a467,0.6583333333333333,0,0.95,different title and year
a468,b447,0.7291666666666667,0,0.8,"same title and director, but different year and mostly different cast"
a468,c2364,0.7125,1,0.85,"same title and director, minor year inconsistency"
a471,b449,0.74,1,0.85,"same title, similar director and cast, minor year discrepancy"
a501,c2135,0.7303048780487805,0,0.95,different title and year
a116,a521,0.6971153846153846,0,0.95,different title and year
a521,b115,0.6721153846153847,0,0.95,different title and year
a535,b503,0.6521505376344087,1,0.85,same title and director with minor cast inconsistencies
a2759,a550,0.7378048780487805,0,0.95,different title and year
a550,b2522,0.7128048780487806,0,0.95,different title and year
a550,c1686,0.6878048780487805,0,0.95,different title and year
a2759,b517,0.7128048780487806,0,0.95,different title and year
b2522,b517,0.6978048780487804,0,0.95,different title and year
b517,c1686,0.6806620209059233,0,0.95,different title and year
a612,b575,0.7115909090909092,1,0.8,"same title and main cast, minor inconsistencies in year and director"
a612,c2278,0.7024159663865546,1,0.85,"same title and main cast, minor year and director inconsistencies"
a617,b580,0.7250000000000001,1,0.9,"same title, director, and main cast"
b580,d1172,0.7250000000000001,1,0.9,"same title, director, and most of the cast"
a1323,a625,0.6785714285714286,0,0.95,different title and year
a1325,a625,0.6875,0,0.95,different title and year
a625,b1147,0.6625000000000001,0,0.95,different title and year
a1323,a1325,0.6785714285714286,0,0.95,different title and year
a1323,b589,0.6535714285714287,0,0.95,different title and year
a1323,b1147,0.6535714285714287,0,0.95,different title and year
a1325,b589,0.6625000000000001,0,0.95,different title and year
a681,d3257,0.65,0,0.95,"same title and director, but different year and cast, indicating a likely remake"
b636,d3257,0.65,0,0.95,"same title and director, but different year and cast"
d1944,d3257,0.65,0,0.95,"same title and director, but different year and cast, indicating a likely remake"
a706,c1369,0.7458333333333333,1,0.85,"same title and director, minor year inconsistency"
a719,b672,0.6666666666666667,0,0.95,"same title and director, but different year and cast"
a719,c2174,0.7000000000000001,1,0.8,"same title and main cast, but different year and additional cast members in Record B"
a728,c2864,0.7458333333333333,1,0.85,"same title and director, minor year inconsistency"
a735,c2820,0.7458333333333333,1,0.85,"same title and director, minor year inconsistency"
b731,c2756,0.7402777777777777,1,0.85,"same title and main cast, minor director name variation and year difference"
a796,b739,0.7291666666666667,1,0.85,"same title and director, minor year inconsistency and similar cast"
a810,c2856,0.7291666666666667,1,0.85,"same title and director, minor year inconsistency"
a852,c2840,0.7125,1,0.85,"same title and director, minor year inconsistency"
b796,c2840,0.7125,1,0.85,"same title and director, minor year inconsistency"
a863,c2968,0.7333333333333334,1,0.9,"same title and year, despite missing director and cast information in Record B"
a882,b823,0.6900000000000001,1,0.85,"same title and director, overlapping cast"
a884,b825,0.6900000000000001,1,0.85,"same title and director, minor year inconsistency and cast variation"
b830,d2187,0.7250000000000001,1,0.85,"same title, director, and most of the cast, but different year"
c2766,d2187,0.6875,1,0.8,"same title and director, but year differs by 2 years and cast is partially matching"
a894,b834,0.6900000000000001,1,0.8,"same title, director, and main cast, but different year and minor cast inconsistency"
a939,b877,0.6900000000000001,1,0.85,"same title and director, minor cast inconsistencies"
b877,d899,0.6900000000000001,1,0.85,"same title and director, partial cast match"
a941,c2609,0.7410714285714286,1,0.85,"same title and director, minor year inconsistency"
a955,b889,0.65,0,0.95,"same title and director, but different year and cast"
b899,c2639,0.7037579957356077,1,0.85,"same director and main cast, minor title variation and year difference"
a989,b920,0.6900000000000001,1,0.8,"same title and director, minor year and cast inconsistencies"
a993,b924,0.7291666666666667,1,0.8,"same title and director, minor year discrepancy and cast differences"
c1770,c1774,0.6666666666666667,0,0.95,different title
a1056,b981,0.65,1,0.75,"same title and director, but different cast and missing year in Record B"
b981,d1420,0.65,0,0.95,"same title and director, but different cast and year"
a1072,b995,0.7125,1,0.85,"same title and director, minor year inconsistency and cast overlap"
a1072,c2667,0.7125,1,0.85,"same title and director, minor year inconsistency"
a1078,c2696,0.7458333333333333,1,0.85,"same title and director, minor year discrepancy and some cast overlap"
a1082,c2625,0.7459821428571428,1,0.85,"same title, director and main cast, minor year inconsistency"
a1084,b2132,0.6666666666666667,1,0.85,"same title and director, minor cast inconsistencies"
a1089,c2982,0.7375,1,0.85,"same title and director, minor year inconsistency"
b2136,c2982,0.7458333333333333,1,0.85,"same title and director, minor year inconsistency and cast overlap"
a1091,b2138,0.693452380952381,1,0.75,"same title, similar director name, but different year and partially different cast"
a1092,b2139,0.7380281690140845,1,0.75,"same year and director, similar title"
a1094,b2141,0.7291666666666667,1,0.8,"same title and director, minor year inconsistency and cast overlap"
a1127,c113,0.7313172043010753,1,0.85,"same title, director and main cast, minor year inconsistency"
a1128,b2173,0.65,0,0.95,"same title and director, but different year and cast"
a1137,c3094,0.7125,0,0.95,different year and cast
b2179,c3094,0.7224999999999999,1,0.85,"same title and main cast, minor inconsistencies in year and director name"
a1139,b2181,0.7125,1,0.8,"same title and director, minor year inconsistency"
a1144,b2186,0.7291666666666667,1,0.8,"same title and director, minor year and cast inconsistencies"
a1147,b2188,0.7291666666666667,1,0.85,"same title and director, minor year inconsistency"
a1152,b2193,0.7461538461538462,0,0.95,different title and cast
b2193,b2194,0.7461538461538462,0,0.95,different title and cast
b2193,d2169,0.7461538461538462,0,0.95,different title and cast
b2193,c22,0.7461538461538462,0,0.95,different title and cast
a1156,c3142,0.7347222222222223,1,0.85,"same title and director, minor year inconsistency"
a1168,b2207,0.7047058823529412,1,0.85,"same title (ignoring subtitle), year and director, minor cast inconsistencies"
a1178,b1010,0.7036764705882352,1,0.8,"same title, similar director name, minor year discrepancy"
a1211,b1041,0.7250000000000001,1,0.9,"same title, director, and main cast"
b1048,b2767,0.6650882352941175,0,0.95,"different title, year, director and most of the cast"
a1234,b1061,0.7291666666666667,1,0.85,"same title, director and main cast, minor year discrepancy"
a1243,b1070,0.7291666666666667,1,0.8,"same title and director, minor year and cast inconsistencies"
a1261,b1086,0.6900000000000001,1,0.9,"same title and director, minor cast inconsistency"
a1265,b1090,0.6666666666666667,1,0.8,"same title and director, different cast and missing year in Record B"
a1293,b1116,0.7322368421052632,1,0.85,"same title and main cast, minor inconsistencies in year and director"
a1342,b1163,0.7250000000000001,1,0.85,"same title, director and main cast, minor year inconsistency"
a1345,b1166,0.7291666666666667,0,0.75,"same title and director, but different year and cast"
a1383,b1203,0.7291666666666667,1,0.8,"same title and director, minor year discrepancy and cast differences"
a1390,b1210,0.7225,1,0.85,"same title and main cast, minor inconsistencies in year and director name"
a1421,b1238,0.7019230769230769,1,0.85,"same title and main cast, minor director name variation"
a1455,b1264,0.7291666666666667,1,0.8,"same title and director, minor year discrepancy and different cast"
a1455,c2673,0.7347222222222223,1,0.85,"same title and director, minor year inconsistency"
a1494,b1302,0.7250000000000001,1,0.8,"same title, director, and most of cast, but different year"
a1508,b1311,0.6900000000000001,1,0.8,"same title and director, minor year discrepancy and cast overlap"
a1510,b1313,0.6900000000000001,1,0.85,"same title and director, minor cast inconsistencies"
a1516,a1729,0.6785714285714286,0,0.95,different title and year
a1538,a2562,0.6545454545454545,0,0.95,different title and year
a1538,d2083,0.6545454545454545,0,0.95,different title and year
a1538,d3429,0.65,0,0.95,different title and year
a2562,d3100,0.6545454545454545,0,0.95,different title and year
a2562,d3429,0.65,0,0.95,different title and year
d2083,d3100,0.6545454545454545,0,0.95,different title and year
d2083,d3429,0.65,0,0.95,different title and year
d3100,d3429,0.65,0,0.95,different title and year
a1539,b1338,0.6900000000000001,0,0.85,"same title and director, but different year and some cast members"
a1543,b1146,0.7108333333333333,0,0.85,"different title and year, although same director and some cast members"
b1146,b1341,0.7308333333333332,0,0.95,"different title and year, with sequel indication"
a1545,b1343,0.7125,1,0.8,"same title and director, minor year inconsistency"
a1551,a1756,0.6666666666666667,0,0.95,different title and year
a1569,b1368,0.7495238095238096,1,0.85,"same year, director, and partial cast match"
a1604,b1392,0.7388636363636364,1,0.85,"same title and main cast, minor inconsistencies in year and director name"
a1644,b1427,0.670343137254902,0,0.8,"different year and mostly different cast, but same director and similar title"
a1645,b1428,0.701388888888889,1,0.85,"same title and main cast, minor year and director inconsistency"
a1689,d2739,0.7330882352941176,0,0.95,different title and year
b1474,d2739,0.7041666666666668,0,0.95,different title and year
d2653,d2739,0.7330882352941176,0,0.95,different title and year
a1717,b1500,0.7125,1,0.8,"same title and director, minor year inconsistency"
a1516,a1729,0.6785714285714286,0,0.95,different title and year
a1737,b1519,0.6900000000000001,0,0.95,different year
b1519,c262,0.6785714285714286,1,0.8,"Same title and director, overlapping cast, but different year"
a1748,c220,0.7125,0,0.2,different year and incomplete cast in Record B
a1767,a2582,0.6583333333333333,0,0.0,Different title and year
a1767,d2091,0.6583333333333333,0,0.2,Different title and year
a1767,d2878,0.6545454545454545,0,0.2,"Different title and year, same director and main cast"
a2582,d2586,0.6583333333333333,0,0.2,Different title and year
a2582,d2878,0.6545454545454545,0,0.2,Different year and title
b2355,b2675,0.6645454545454546,0,0.2,Different year and title
d2091,d2586,0.6583333333333333,0,0.0,Different title and year
d2091,d2878,0.6545454545454545,0,0.2,Different year and title
d2586,d2878,0.6545454545454545,0,0.2,"Different title and year, although same director and main cast"
a1832,b1607,0.7291666666666667,1,0.8,"same title and director, similar cast, but different year"
a1833,c281,0.7453571428571428,1,0.8,"same title and cast, minor director name variation and year difference"
a1839,b1613,0.7291666666666667,0,0.6,"Same title and director, but different year and cast"
a1844,b1618,0.7369827586206896,1,0.8,"same title and most of the cast, but different year and slightly different director name"
a1853,b1626,0.7446428571428572,1,0.8,"Same title and main cast, but slightly different director name and year"
a1887,b1658,0.7250000000000001,1,0.9,"Same title, director, and main cast"
a1915,c3459,0.6928571428571428,0,0.0,Different year and inconsistent cast
b1686,c3459,0.7071428571428572,0,0.2,Different year and inconsistent cast
c3459,d2437,0.6928571428571428,0,0.2,Different year and partial cast match
b1696,c162,0.7339285714285715,1,0.8,"Same title and director, similar cast, but different year"
b1704,c288,0.7458333333333333,1,0.8,"Same title and director, similar cast, but different year"
a1942,c153,0.6722222222222223,1,0.8,"Same title and director, similar cast, but different year"
a1943,c279,0.7291666666666667,1,0.8,"Same title and director, similar cast, but different year"
a1972,a2343,0.6740384615384615,0,0.0,Different title and year
a1972,b2062,0.6740384615384615,0,0.2,Different title and cast
a2343,b1529,0.6679778554778554,0,0.2,Different title and year
b1529,b2062,0.6655969030969029,0,0.2,Different title and year
a1978,b1744,0.6900000000000001,0,0.6,"Same title and director, but different year and some cast differences"
a1978,c246,0.68,0,0.6,"Same title and director, but different year and some cast differences"
a1993,b1758,0.6666666666666667,0,0.6,"same title and director, but different year and partial cast match"
a2013,b1779,0.7125,1,0.8,"Same title and director, but different year and cast"
a2013,c314,0.7125,1,0.8,"Same title and director, but different year and cast"
a2016,b1778,0.687121212121212,1,0.9,"Same director, year, and main cast, minor title difference"
a2016,c250,0.6621212121212121,1,0.9,"Same director, year, and most cast members, minor title variation"
a4,b3,0.7000000000000001,1,0.9,"same title, director, and most cast members"
a5,b4,0.7250000000000001,1,0.9,"identical title, director, and main cast"
a7,b7,0.6900000000000001,1,0.8,"Same title and director, similar cast"
a7,c1846,0.71,1,0.9,"Same title and director, similar cast"
b7,c1846,0.73,1,0.8,"Same title and director, similar cast"
a9,b10,0.7250000000000001,1,0.9,"Same title, director, and significant cast overlap"
b10,d935,0.7250000000000001,1,0.9,"Same title and director, similar cast"
a13,b14,0.6900000000000001,1,0.8,"Same title and director, similar cast"
a13,c1863,0.6833333333333333,1,0.8,"Same title and director, similar cast"
b14,d959,0.6900000000000001,1,0.8,"Same title and director, similar cast"
b14,c1863,0.73,1,0.9,"Same title, director, and main cast"
a15,b17,0.7250000000000001,1,0.9,"Same title, director, and main cast"
a16,d903,0.7000000000000001,1,0.8,"Same title and director, similar cast"
a17,b19,0.7250000000000001,1,0.9,"identical title, director, and most cast members"
a17,c1976,0.7000000000000001,1,0.9,"Same title, director, and main cast"
b19,d901,0.7250000000000001,1,0.9,"same title, director, and most cast members"
b19,c1976,0.7166666666666667,1,0.9,"Same title, director, and main cast"
b1545,d235,0.7250000000000001,1,0.9,"Same title, director, and most cast members"
b1545,c1168,0.6807692307692308,1,0.9,"Same title, director, and main cast"
a18,b20,0.6900000000000001,1,0.8,"Same title and director, similar cast"
a19,b21,0.7250000000000001,1,0.9,"Identical title, director, and main cast"
a22,b24,0.7250000000000001,1,0.9,"Same title, director, and mostly same cast"
a22,c1832,0.71,1,0.9,"Same title and director, similar cast"
b24,c1832,0.73,1,0.9,"Same title, director, and most cast members"
a24,b26,0.7250000000000001,1,0.9,"Same title, director, and similar cast"
a30,b32,0.7250000000000001,1,0.9,"Identical title, director, and most cast members"
b32,c1935,0.7071428571428572,1,0.9,"Same title, director, and most cast members"
a31,b33,0.7250000000000001,1,0.9,"same title, director, and main cast"
a32,b34,0.7250000000000001,1,0.9,"Same title, director, and mostly same cast"
b34,d1003,0.7250000000000001,1,0.9,"Same title and director, similar cast"
a36,b38,0.7250000000000001,1,0.9,"identical title, director, and most cast members"
a43,b44,0.7250000000000001,1,0.9,"Same title, director, and main cast"
b44,c1881,0.71,1,0.9,"Same title and director, similar cast"
a47,b49,0.7250000000000001,1,0.9,"Same title, director, and main cast"
a47,c2059,0.71,1,0.9,"Same title and director, similar cast"
b49,c2059,0.73,1,0.9,"Same title, director, and main cast"
a50,b52,0.7250000000000001,1,0.9,"Same title, director, and main cast, minor cast difference"
a50,c1958,0.7250000000000001,1,0.9,"Same title, director, and main cast"
b52,c1958,0.71,1,0.9,"Same title and director, similar cast"
a51,b53,0.7250000000000001,1,0.9,"Same title, director, and main cast"
a57,b58,0.7250000000000001,1,0.9,"Same title and director, similar cast"
a58,b59,0.7250000000000001,1,0.9,"Same title, director, and main cast"
a61,b63,0.7250000000000001,1,0.9,"Identical title, director, and most cast members"
a62,b62,0.7250000000000001,1,0.9,"Same title, director, and main cast"
b1778,d2484,0.687121212121212,1,0.9,"Same director, year, and most cast members, with a subtitle variation in title"
c250,d2484,0.6621212121212121,1,0.9,"Same director, year, and partial cast match despite title variation"
a2019,b1782,0.7486111111111111,1,0.8,"Same title and cast, minor director name variation and year difference"
a2028,b1789,0.7125,1,0.8,"Same title and director, similar cast"
a2047,b1806,0.7125,0,0.2,"Same title and director, but different year and cast"
a2052,b1811,0.6666666666666667,0,0.7,"same title and director, but different year and cast variations"
a2064,b1820,0.65,1,0.8,"Same title and director, different cast and missing year in Record B"
a2065,b1821,0.6900000000000001,1,0.8,"Same title and director, similar cast"
b1834,c135,0.7458333333333333,1,0.8,"Same title and director, similar cast, but different year"
a2080,c103,0.7410714285714286,1,0.8,"Same title and director, similar cast, but different year and some cast variations"
a2096,b1848,0.7250000000000001,0,0.8,"Same title and director, but different year and slightly different cast"
a2100,b1851,0.7291666666666667,1,0.8,"Same title and director, but different year and some cast members"
a2109,b1860,0.65,1,0.7,"Same title and director, but different cast"
a2122,b1872,0.7250000000000001,1,0.9,"Same title, director, and most cast members"
a2128,c151,0.7458333333333333,1,0.8,"same title and director, similar cast, but different year"
a2730,d1717,0.6666666666666666,0,0.2,Different title and year
b2495,d1717,0.6566666666666666,0,0.2,Different title and year
b2495,c2800,0.6666666666666666,0,0.2,Different title and year
d1717,d626,0.6666666666666666,0,0.4,different title and year
c133,d2301,0.7458333333333333,1,0.8,"Same title and director, but different year and partial cast mismatch"
a2161,c3100,0.7291666666666667,1,0.8,"Same title and director, but different year and some cast overlap"
b1906,c3100,0.7375,1,0.8,"Same title and director, similar cast, but different year and some cast variations"
a2169,c3165,0.7085,1,0.8,"Same title and director, similar cast, but different year and extra director credit"
b1914,c3165,0.7251666666666666,1,0.8,"Same title, director, and most cast members, but different year and additional cast members in Record B"
a2171,b1916,0.7031578947368422,1,0.9,"Same director, year, and most cast members, with a minor title variation and some cast differences."
a2173,b1918,0.7250000000000001,0,0.8,"same title, director, and most cast members, but different year"
a2179,b1922,0.7176282051282051,0,0.2,"Different year and cast, similar director and title"
a2185,c110,0.7375,1,0.8,"Same title and director, similar cast, but different year"
a2199,b1939,0.7250000000000001,1,0.8,"same title and director, similar cast, but different year"
a2202,b1942,0.7291666666666667,1,0.8,"Same title and director, similar cast, but different year"
b1942,c205,0.725,1,0.8,"Same title and director, similar cast, but different year and some cast variations"
a2213,c29,0.7375,1,0.8,"Same title and director, but different year and additional cast members in Record B"
b1952,c29,0.7355769230769231,1,0.8,"Same title and director, but different year and additional cast members in Record B"
a2229,b1967,0.7291666666666667,1,0.8,"Same title and director, similar cast, but different year"
a2249,b1983,0.6666666666666667,1,0.8,"Same title and director, different cast and missing year in Record B"
a2255,b1990,0.6900000000000001,0,0.6,"same title and director, but different year and cast"
a2278,b2010,0.6900000000000001,1,0.8,"Same title and director, similar cast"
a2290,b2020,0.7250000000000001,1,0.9,"same title, director, and most cast members"
a2293,b2023,0.7136494252873563,1,0.8,"Same title and mostly identical cast and director, despite minor spelling variations and year difference"
a2303,c19,0.6875,1,0.8,"Same title and director, similar cast, but different year"
a2306,b2036,0.6900000000000001,0,0.7,"same title and director, but different year and cast"
a2311,a2546,0.7027439024390244,0,0.6,"Same director and cast, but different title and year"
a2311,d2101,0.7027439024390244,0,0.6,"Same director and cast, but different title and year"
a2546,d2259,0.7027439024390244,0,0.0,Different title and year
d2101,d2259,0.7027439024390244,0,0.0,Different title and year
a2319,b2043,0.7250000000000001,1,0.9,"Same title and director, similar cast"
a2323,b2047,0.660144927536232,1,0.8,"Same title and common cast member, but different director spelling and missing year in Record B"
a2348,b2067,0.7069444444444445,0,0.6,"Same title, but different year and director spelling, and mostly different cast"
a2358,b2076,0.6900000000000001,0,0.6,"same title and director, but different year and partial cast mismatch"
b2076,d2924,0.6900000000000001,0,0.6,"same title and director, but different year and partial cast mismatch"
a2361,b2079,0.7291666666666667,1,0.8,"Same title and director, similar cast, but different year and some cast variations"
a2363,b2081,0.7291666666666667,0,0.6,"Same title and director, but different year and some cast members"
a2385,c63,0.7425,0,0.8,"same title and director, but different year"
c63,d2275,0.7425,1,0.8,"same title and director, but different year and partial cast match"
a2400,b2111,0.7125,0,0.2,Different cast and year
a2401,b2112,0.65,0,0.2,Different year and cast
c171,d2509,0.7458333333333333,1,0.8,"Same title and director, similar cast, but different year and some cast differences"
b2116,c3164,0.7375,1,0.8,"Same title and director, similar cast, but different year and some cast variations"
a2440,b2226,0.7291666666666667,1,0.8,"Same title and director, similar cast, but different year"
a2441,b2227,0.7291666666666667,1,0.8,"Same title and director, but different year and some cast members"
a2441,c3139,0.7291666666666667,1,0.8,"Same title and director, but different cast and year"
a2478,c13,0.7125,1,0.8,"same title and director, but different year and incomplete cast in Record B"
a2481,b2262,0.7291666666666667,1,0.8,"Same title and director, similar cast, but different year"
a2481,c3128,0.7458333333333333,1,0.8,"Same title and director, similar cast, but different year"
a2516,b2293,0.7250000000000001,1,0.9,"Same title and director, similar cast"
a2517,b2294,0.6900000000000001,1,0.8,"Same title and director, similar cast"
a2529,b2305,0.7250000000000001,1,0.9,"Same title, director, and most cast members"
a2533,b2308,0.65,0,0.4,"Same title and director, but different cast and missing year in Record B"
a2311,a2546,0.7027439024390244,0,0.6,"Same director and cast, but different title and year"
a2311,d2101,0.7027439024390244,0,0.6,"Different title, same director and cast"
a2546,d2259,0.7027439024390244,0,0.0,Different title and year
d2101,d2259,0.7027439024390244,0,0.0,Different title and year
a2549,b2321,0.7250000000000001,1,0.9,"Same title, director, and most cast members"
a2579,b2352,0.7291666666666667,1,0.8,"Same title and director, but different cast and year"
b2353,d2336,0.7291666666666667,0,0.6,"Same title and director, but different year and some cast members"
a2597,b2369,0.6666666666666667,1,0.8,"Same title and director, but different year and some cast overlap"
a2597,c3121,0.7125,1,0.8,"same title and director, but different year"
b2369,c3121,0.7125,1,0.8,"same title and director, but different year and incomplete cast in Record B"
a2598,b2370,0.7291666666666667,0,0.6,"Same title and director, but different year and some cast members"
b2371,c3102,0.7375,1,0.8,"same title and director, similar cast, but different year"
a2608,b2379,0.6625,0,0.2,"Different director and cast, similar title but different year"
b2708,c1396,0.7425,1,0.8,"Same title and director, similar cast, but different year"
a2626,b2395,0.7171052631578947,1,0.9,"Same title and similar cast and director, minor director name variation"
a2631,b2400,0.65,1,0.8,"Same title and director, different cast"
a2638,b2408,0.7166666666666667,1,0.8,"Same title and similar director and cast, but different year and some cast variations"
a2646,b2415,0.7250000000000001,1,0.8,"Same title and director, similar cast"
a2647,c1667,0.7458333333333333,1,0.8,"Same title and director, similar cast, but different year and some cast variations"
a2652,c1341,0.7375,1,0.8,"Same title and director, similar cast, but different year"
a2667,c1742,0.7363709677419356,1,0.8,"Same director and most cast members, minor title and year differences"
a2669,b2440,0.7250000000000001,1,0.8,"same title, director, and main cast, but different year"
a2669,c1528,0.68,1,0.8,"Same title and director, similar cast, but different year"
a2672,b2443,0.6666666666666667,1,0.8,"Same title and director, similar cast"
b2450,d914,0.7291666666666667,1,0.8,"Same title and director, but different year and some cast members"
a2694,b2461,0.7250000000000001,1,0.9,"Same title, director, and most cast members"
a2695,b2462,0.6900000000000001,1,0.8,"Same title and director, similar cast"
a2708,c1743,0.7458333333333333,1,0.8,"Same title and director, similar cast, but different year and some cast variations"
a2723,b2488,0.7469444444444445,1,0.8,"Same title and director, similar cast, but different year and slight director name variation"
a2727,c1253,0.7425,1,0.8,"Same title and director, similar cast, but different year and additional cast members in Record B"
a2727,c1751,0.6693548387096775,0,0.0,Different title and cast
a2729,b2494,0.6900000000000001,1,0.8,"Same title and director, similar cast"
a2730,d1717,0.6666666666666666,0,0.2,Different title and year
b2495,d1717,0.6566666666666666,0,0.2,Different title and year
b2495,c2800,0.6666666666666666,0,0.2,Different title and year
d1717,d626,0.6666666666666666,0,0.4,different title and year
a2733,b2498,0.6900000000000001,1,0.8,"Same title and director, similar cast"
b2498,d895,0.6900000000000001,1,0.8,"Same title and director, similar cast"
a2742,c1799,0.7125,1,0.8,"Same title and director, but different year and cast representation"
b2505,c1799,0.7125,1,0.8,"Same title and director, but different year and cast representation"
c1799,d574,0.7125,0,0.6,"Same title and director, but different year and cast"
a2744,b2507,0.7125,1,0.8,"Same title and director, but slight cast and year differences"
a2746,b2509,0.7166666666666667,1,0.8,"Same title and director, similar cast"
a2766,c1155,0.6994318181818182,0,0.2,Different title and year
b2529,c1155,0.6979166666666667,0,0.2,"Different title and year, although same director and some cast members"
a2769,c1557,0.69875,1,0.8,"Same title and director, similar cast, but different year and additional director"
a2779,b2539,0.6900000000000001,1,0.8,"Same title and director, similar cast"
a2781,b2541,0.7250000000000001,1,0.9,"Same title, director, and most cast members"
a2785,b2543,0.6900000000000001,1,0.8,"Same title and director, similar cast"
a2792,b2551,0.6900000000000001,1,0.8,"Same title and director, similar cast"
a2793,b2552,0.6833333333333333,0,0.8,"same title and director, but different year"
a2793,c1538,0.65,0,0.6,"same title and director, but different year"
a2795,c1425,0.6855769230769231,1,0.8,"Same title, similar cast and directors, but different year"
a2819,b2575,0.7000000000000001,1,0.9,"Same title and director, similar cast"
a2826,b2582,0.7250000000000001,1,0.9,"Same title, director, and most cast members"
a2831,b2587,0.675,1,0.8,"Same title and director, partially matching cast"
a2837,c1335,0.7397727272727272,1,0.8,"same title, director, and main cast, but different year and additional cast members in Record B"
b2592,c1335,0.7488636363636364,1,0.8,"Same title and director, similar cast, but different year and additional cast members in Record B"
a2839,b2594,0.7250000000000001,0,0.8,"same title, director, and most cast members, but different year"
a2839,c1805,0.7000000000000001,0,0.8,"same title, director, and most cast members, but different year"
a2841,c1712,0.7090909090909091,0,0.0,Different title and cast
c1324,c1712,0.7090909090909091,0,0.0,Different title and cast
a2847,b2599,0.6900000000000001,1,0.8,"Same title and director, partial cast match"
a2829,c849,0.7144562334217507,0,0.0,Different title and director
b2585,c849,0.7144562334217507,0,0.0,Different title and director
c1001,c849,0.7144562334217507,0,0.0,Different title and director
a2879,b2628,0.7250000000000001,1,0.9,"Same title, director, and main cast"
a2900,b2648,0.65,1,0.8,"same title and director, but missing year and cast in Record B"
a2901,b2650,0.7250000000000001,1,0.9,"Same title, director, and most cast members"
a2906,c1500,0.7375,1,0.8,"Same title and director, similar cast, but slight year and cast differences"
a2910,b2657,0.6666666666666667,1,0.8,"Same title and director, overlapping cast"
a2915,b2662,0.6666666666666667,1,0.8,"Same title and director, partially matching cast"
a2919,b2666,0.6900000000000001,1,0.8,"Same title and director, similar cast"
a2935,c1747,0.7189285714285714,1,0.8,"Same title and main cast, different year and director name order"
a2938,b2687,0.7250000000000001,1,0.8,"same title, director, and main cast, but different year and additional cast member"
a2938,c1445,0.7000000000000001,1,0.8,"Same title and director, similar cast, but different year"
a2941,b2689,0.709848484848485,1,0.8,"Same director and cast, minor title variation"
b2702,d1258,0.7128378378378377,1,0.8,"Same title and cast, but different year and slightly different director name"
c1648,d1258,0.7000000000000001,0,0.6,"same title and director, but different year and incomplete cast match"
a2967,b2711,0.6666666666666667,1,0.8,"Same title and director, partial cast match"
b2715,b2716,0.7476190476190476,1,0.7,"Same director and year, similar title, but different cast"
b2716,c1695,0.7444444444444445,0,0.2,Different title and mostly different cast
a2973,c1516,0.68,0,0.7,"same title and director, but different year and additional cast members"
b5,d1144,0.6900000000000001,1,0.8,"Same title and director, similar cast"
b204,c2176,0.650220409671629,0,0.2,Different title and year
b267,c954,0.7125,1,0.8,"same title and director, but different year"
b358,d375,0.7375,0,0.7,"similar title and cast, but different year and slightly different director name"
b5,d1144,0.6900000000000001,1,0.8,"Same title and director, similar cast"
b1557,c344,0.6739130434782609,1,0.8,"same director, year, and cast, but slightly different title"
b1725,c3401,0.7000000000000001,0,0.2,Different year and mostly different cast
b2318,c3115,0.7043367346938776,1,0.8,"Same title and director, similar cast, but different year and additional director"
b2536,d2333,0.7125,1,0.8,"Same title and director, similar cast, but different year"
c104,d2333,0.65,1,0.8,"Same title and similar cast and director, but different year"
b2936,d106,0.7303191489361702,1,0.9,"Same director, year, and main cast, title variation is a translation"
b2936,c381,0.6928191489361702,1,0.9,"Same director, year, and main cast despite minor title and cast differences"
b2983,c3484,0.7111111111111111,0,0.0,Different year and cast members
b3006,d4198,0.6566666666666666,0,0.0,Different title and year
b3006,d4569,0.6566666666666666,0,0.0,Different title and year
b3006,d4833,0.6542857142857144,0,0.2,"Different year and title, although same director and main cast members"
d3438,d4198,0.7166666666666666,0,0.0,Different title and year
d3438,d4569,0.7166666666666666,0,0.0,Different title and year
d3438,d4833,0.6642857142857144,0,0.2,Different year and title suffix indicate a different movie in the series
d4198,d4569,0.7166666666666666,0,0.0,Different title and year
d4198,d4833,0.6642857142857144,0,0.2,"Different title and year, same director and main cast"
d4569,d4833,0.6642857142857144,0,0.6,"Different year and title, but same director and main cast"
b3079,d3442,0.6900000000000001,1,0.8,"Same director, year, and most cast members, but slightly different title"
c786,d220,0.7458333333333333,1,0.8,"Same title and director, similar cast, but different year and some cast variations"
c650,d239,0.7375,1,0.8,"Same title and director, similar cast, but different year and some cast variations"
c441,d253,0.7458333333333333,1,0.8,"Same title and director, but different year and partial cast match"
c2072,d1347,0.7325,1,0.8,"Same title and director, but different year and some cast members"
c773,d317,0.7458333333333333,1,0.8,"Same title and director, similar cast, but different year and some cast members"
d349,d487,0.7108695652173914,1,0.8,"Same director, year, and most cast members, but slightly different title"
d349,d487,0.7108695652173914,1,0.8,"Same director, year, and most cast members, but slightly different title"
c473,d497,0.6513888888888889,0,0.6,"Same title and similar director and cast, but different year and some cast variations"
c503,d635,0.6681818181818182,1,0.8,"same title and director, but different year and partial cast match"
c1251,d653,0.7102272727272727,1,0.8,"Same title and director, similar cast, but different year and director name order"
c1232,d688,0.7025,0,0.6,"Same title, but different year and cast"
c1189,d810,0.725,1,0.8,"Same title and director, but slightly different cast and year"
c1353,d934,0.6805882352941175,0,0.6,"Similar title and director, but different year and cast"
c1345,d960,0.6785714285714286,0,0.6,"Same title and director, but different year and some cast differences"
c759,d1011,0.6900000000000001,1,0.8,"Same title and director, similar cast, but different year and slight cast name variations"
c1580,d1051,0.6830769230769231,1,0.8,"Same title and some matching cast, but different year and director details"
c1245,d1117,0.6642857142857143,0,0.6,"Same title and director, but different year and some different cast members"
c1092,d1322,0.6928571428571428,0,0.6,"Same title and director, but different year and incomplete cast match"
d1376,d1617,0.7410714285714286,0,0.8,"similar cast and director, but different title and year"
d1396,d1830,0.6545454545454545,0,0.6,"Similar director and cast, but different title and year"
c1862,d1502,0.71,0,0.8,"same title and director, but different year and cast"
d1376,d1617,0.7410714285714286,0,0.8,"similar cast and director, but different title and year"
d1701,d2197,0.660958904109589,0,0.6,"Same director and cast, but different title and year"
d1817,d1902,0.7410714285714286,0,0.8,"similar cast and director, but different title and year"
c2471,d1819,0.7410714285714286,1,0.8,"Same title, director, and most cast members, but year differs by 1"
d2033,d2524,0.67,0,0.2,Different year and cast
c2590,d2034,0.7267857142857143,1,0.8,"Same title and director, but different year and partial cast overlap"
c2971,d2178,0.7375,1,0.8,"Same title and director, but different year and partial cast match"
c326,d2274,0.7200000000000001,0,0.2,Different title and incomplete cast match
c326,d2679,0.67,0,0.7,"Same title and director, but different year and incomplete cast match"
c155,d2497,0.6975,1,0.8,"Same title and similar cast, but different year and director name variation"
c326,d2274,0.7200000000000001,0,0.2,Different title and partially different cast
c326,d2679,0.67,0,0.7,"Same title and director, but different year and incomplete cast match"
c98,d3259,0.7000000000000001,0,0.7,"Same title and director, but different year and incomplete cast match"
d3938,d4147,0.6672826086956521,0,0.6,"Similar director and cast, but different title and year"
d3943,d4007,0.6857142857142857,0,0.2,Different title and cast
d3959,d4136,0.7267857142857144,0,0.6,"Different title and year, but same director and some cast members"
d3959,d4228,0.6727272727272727,0,0.2,"Different title and cast, same director and partially matching cast"
d3959,d4351,0.6507692307692308,0,0.2,Different year and mostly different cast
d4136,d4351,0.662962962962963,0,0.6,"Different year and title suffix, but same director and some cast members"
d4228,d4351,0.7341981132075472,0,0.6,"Similar director and cast, but different title and year"
d4100,d4194,0.6908333333333333,0,0.6,"Similar director and cast, but different title and year"
d4161,d4353,0.7219594594594595,0,0.6,"Similar director and cast, but different title and year"
d4490,d4491,0.74375,0,0.2,Different titles and casts
d4490,d4491,0.74375,0,0.2,Different titles and casts
d4490,d4491,0.74375,0,0.2,Different titles and casts
d4629,d4637,0.6819047619047619,1,0.8,"Same director, year, and main cast member, but different title and some cast members"
d4629,d4637,0.6819047619047619,1,0.8,"Same director, year, and main cast member, but different title and some cast members"
d4490,d4491,0.74375,0,0.2,Different titles and casts
d4707,d5054,0.6615384615384615,0,0.2,"Different title and year, although similar cast and director"
d4760,d4865,0.68125,0,0.2,"Different cast and title, similar director"
d5237,d5436,0.6782608695652175,0,0.2,Different title and year
d5433,d5653,0.6666666666666666,0,0.2,"Different title and year, although same director and some cast members"
d5701,d5729,0.7441176470588237,0,0.6,Different title and partially different cast
d5237,d5436,0.6782608695652175,0,0.2,Different title and year
d5618,d5660,0.6525806451612902,0,0.0,"Different title, director, and cast"
d5618,d5660,0.6525806451612902,0,0.0,"Different title, director, and most of the cast"
d5701,d5729,0.7441176470588237,0,0.6,"Same director and year, but different title and partially different cast"
d5701,d5729,0.7441176470588237,0,0.6,"Same director and year, but different title and partially different cast"
d5701,d5729,0.7441176470588237,0,0.6,Different title and partially different cast
d5701,d5729,0.7441176470588237,0,0.6,Different title and partially different cast
d6714,d6720,0.6925,0,0.6,"Same director and cast, but different title and year"
d6714,d6720,0.6925,0,0.6,"Same director and cast, but different title and year"
d6714,d6720,0.6925,0,0.2,Different title and year
d6714,d6720,0.6925,0,0.2,Different title and year
d6804,d6814,0.67,0,0.2,Different title and cast
c3514,d6903,0.7125,1,0.8,"Same title and main cast, but slightly different year and director"
c2284,c2537,0.7017857142857142,0,0.2,"Different title and year, but shared director and cast member"
c1114,c951,0.7385714285714287,0,0.0,Different title and director
c924,d214,0.6523460410557185,0,0.0,"Different title, director, and cast"
c924,c970,0.6523460410557185,0,0.0,Different title and cast
b1066,d799,0.6875,0,0.0,"Different title, director, and cast"
c897,d215,0.6786641929499072,0,0.0,Different title and director
d4382,d4451,0.6530364372469636,0,0.0,"Different title, director, and cast"
c860,c897,0.6827551020408164,0,0.0,Different title and director
d5250,d5252,0.6599713055954088,0,0.0,Different title and cast
d4668,d4676,0.6700828157349896,0,0.0,"Different title, director, and cast"
a233,a241,0.6691919191919192,0,0.0,Different title and director
a233,b237,0.6511363636363636,0,0.0,Different title and cast
a233,c2060,0.6622850122850124,0,0.0,Different title and cast
a241,b230,0.6691919191919192,0,0.0,"Different title, director, and cast"
a241,d939,0.6691919191919192,0,0.0,Different title and cast
a241,c1675,0.685,0,0.0,Different title and director
a1896,a1897,0.696590909090909,0,0.0,Different title and cast
a1896,b1668,0.696590909090909,0,0.0,Different title and cast
a1896,d2510,0.6759197324414715,0,0.0,"Different title, director, and cast"
a2779,d743,0.7002645502645503,0,0.0,Different title and cast
b230,b237,0.6511363636363636,0,0.0,Different title and cast
b230,c2060,0.6622850122850124,0,0.0,Different title and cast
b237,d939,0.6511363636363636,0,0.0,Different title and cast
b237,c1675,0.6659090909090909,0,0.0,Different title and cast
c2060,d939,0.6622850122850124,0,0.0,Different title and cast
d4532,d4592,0.660952380952381,0,0.0,Different title and director
c1675,c2060,0.6678571428571428,0,0.0,Different title and cast
d5563,d5573,0.6722222222222223,0,0.2,Different title and cast
a898,a900,0.6533816425120773,0,0.0,"Different title, director, and cast"
a898,b839,0.6533816425120773,0,0.0,"Different title, director, and cast"
a898,c2810,0.6533816425120773,0,0.2,Different title and director
a900,b837,0.6533816425120773,0,0.0,Different director and cast
a900,c2615,0.6533816425120773,0,0.0,Different director and cast
a1204,a1407,0.6628654970760234,0,0.0,Different director and cast
a1204,b1226,0.6628654970760234,0,0.0,Different directors and casts
b837,b839,0.6533816425120773,0,0.0,"Different title, director, and cast"
b837,c2810,0.6533816425120773,0,0.0,Different title and director
b839,c2615,0.6533816425120773,0,0.0,Different director and cast
c2615,c2810,0.6533816425120773,0,0.0,Different title and director
a2621,a2622,0.6643695014662756,0,0.0,Different title and director
a2621,b2390,0.6643695014662756,0,0.0,Different title and director
a2622,b2389,0.6643695014662756,0,0.0,Different title and director
b2389,b2390,0.6643695014662756,0,0.0,Different title and director
c1357,c729,0.6680645161290323,0,0.0,Different title and director
d225,d295,0.6703703703703705,0,0.0,"Different title, director, and cast"
a2621,a2622,0.6643695014662756,0,0.0,Different title and director
a2621,b2390,0.6643695014662756,0,0.0,Different title and director
a2622,b2389,0.6643695014662756,0,0.0,Different title and director
b2389,b2390,0.6643695014662756,0,0.0,Different title and director
d1743,d1760,0.6546653144016227,0,0.0,Different directors and casts
a1118,c100,0.6873015873015872,0,0.0,Different title and cast
b2164,c100,0.6803571428571428,0,0.0,Different title and director
a2637,c1530,0.662111801242236,0,0.0,Different title and director
b2407,c1530,0.662111801242236,0,0.0,Different title and director
c1530,d613,0.662111801242236,0,0.0,Different title and director
c1530,c1684,0.662111801242236,0,0.0,Different title and director
d225,d295,0.6703703703703705,0,0.0,"Different title, director, and cast"
d1510,d1618,0.6815789473684211,0,0.0,"Different title, director, and cast"
a2222,d291,0.7285714285714286,0,0.0,Different title and director
c737,d291,0.7285714285714286,0,0.0,"Different title, director, and cast"
a380,c2551,0.7167342799188641,0,0.0,Different title and cast
a1489,d3050,0.6671428571428573,0,0.0,Different title and cast
a2246,c3015,0.6613636363636364,0,0.0,Different title and director
a2488,b1981,0.7196969696969696,0,0.0,Different title and director
a2823,d862,0.6706153846153846,0,0.0,Different title and director
b362,c2551,0.7167342799188641,0,0.0,Different title and cast
b1297,d3050,0.6671428571428573,0,0.0,Different title and cast
b1981,b2268,0.7196969696969696,0,0.0,Different title and director
b1981,d2113,0.6512820512820513,0,0.0,Different title and cast
b2579,d862,0.6706153846153846,0,0.0,Different title and director
d399,d435,0.6946153846153846,0,0.0,"Different title, director, and cast"
d592,d862,0.6706153846153846,0,0.0,Different title and director
c1803,d862,0.6706153846153846,0,0.0,Different title and cast
d1092,d999,0.6671428571428573,0,0.0,Different title and cast
d1092,d1148,0.6642857142857144,0,0.0,Different title and cast
d3050,d3112,0.6671428571428573,0,0.0,Different title and director
d3222,d3232,0.6632275132275133,0,0.0,"Different title, director, and cast"
c2509,c2551,0.7167342799188641,0,0.0,Different title and director
a2872,c1326,0.6527667984189723,0,0.0,Different director and cast
d4691,d4727,0.7217647058823529,0,0.0,Different title and cast
c3525,c3526,0.6637931034482758,0,0.2,Different title
c3525,c3526,0.6637931034482758,0,0.2,Different title
d3537,d3538,0.7331168831168832,0,0.0,"Different title, director, and cast"
a2726,d684,0.6603174603174604,0,0.0,"Different title, director, and cast"
b2491,d684,0.6603174603174604,0,0.0,Different director and cast
c1698,d684,0.6603174603174604,0,0.0,Different director and cast
b1838,d2305,0.668421052631579,0,0.0,"Different title, director, and cast"
c84,d2305,0.668421052631579,0,0.0,Different title and director
a3,c285,0.7142857142857143,0,0.6,"similar cast and director, but different title and year"
c285,c907,0.7142857142857143,0,0.7,"similar cast and director, but different title and year"
b12,c981,0.7250000000000001,1,0.9,"Same title and director, similar cast"
b18,c903,0.6666666666666667,1,0.8,"Same title and director, different cast members"
a17,c235,0.6782608695652175,0,0.6,"different title and year, but same director and main cast"
b19,c235,0.6682608695652175,0,0.6,"Different title and year, but same director and main cast"
b1545,c901,0.6682608695652175,0,0.2,Different title and year
b1545,d1976,0.6532608695652175,0,0.2,"Different year and title, similar director and cast"
c235,c901,0.6782608695652175,0,0.6,"Different year and title, but same director and main cast"
c235,d1976,0.656832298136646,0,0.6,"Different year and title, but same director and main cast"
d1168,d1976,0.654927536231884,0,0.2,"Different title and year, although same director and some cast members"
b133,c1001,0.7250000000000001,1,0.9,"Same title, director, and most cast members"
a165,d349,0.6570175438596492,0,0.6,"different title and year, but same director and some cast members"
b182,c936,0.6900000000000001,1,0.8,"Same title and director, similar cast"
b194,c2876,0.6738709677419356,0,0.2,Different title and year
c2876,d1961,0.6560931899641578,0,0.2,Different title and year
a222,d1934,0.65,1,0.8,"same title and director, different year"
a238,d1819,0.6730769230769231,0,0.0,Different title
b235,d1819,0.6730769230769231,0,0.0,Different title
d1819,d1864,0.6730769230769231,0,0.0,Different titles
a243,d1820,0.7149390243902439,1,0.8,"Same title and director, similar cast, but different year and additional director"
b304,c1684,0.7339285714285715,1,0.8,"same title and most cast members, but different director and year"
c1684,d2635,0.7441216216216215,1,0.8,"same title and most cast members, but minor director and year differences"
a328,d2472,0.7230263157894737,1,0.8,"Same title and director, similar cast, but different year and additional cast members in Record B"
a344,d2516,0.7325,1,0.8,"Same title and director, similar cast, but different year and some cast variations"
a352,d2312,0.7187834224598931,0,0.0,Different title and year
d2217,d2312,0.7485047846889953,0,0.0,Different title and year
b340,d809,0.6595238095238094,0,0.4,"Different title and year, but same director and some cast members"
d2503,d809,0.6625541125541125,0,0.2,"Different title and year, although shared director and some cast members"
a356,c222,0.68,0,0.6,"Different title and year, but shared director and some cast members"
a356,d1121,0.6572727272727272,0,0.6,"Different title and year, but same director and some cast members"
a360,d2360,0.7251315789473685,1,0.8,"Same title and cast, minor director and year differences"
b568,d2375,0.6886904761904761,0,0.0,Different title and year
a421,d2299,0.7125,1,0.8,"same title and director, but year differs by 1"
b415,d3055,0.6569518716577539,0,0.6,"Different year and title, but same director and main cast"
a464,d2322,0.7125,1,0.8,"same title and director, but year difference"
a468,d2364,0.7125,1,0.8,"same title and director, but different year"
a501,d2135,0.7303048780487805,0,0.0,Different title and year
a550,d1686,0.6878048780487805,0,0.0,Different title and year
b517,d1686,0.6806620209059233,0,0.0,Different title and year
a612,d2278,0.7024159663865546,0,0.7,"same title and cast, but different year and director"
b580,c1172,0.7250000000000001,1,0.9,"Same title and director, similar cast"
a681,c3257,0.65,0,0.2,"Same title and director, but different year and cast"
b636,c3257,0.65,0,0.2,"Same title and director, but different year and cast"
c1944,c3257,0.65,0,0.2,"Same title and director, but different year and cast"
a706,d1369,0.7458333333333333,1,0.8,"Same title, director, and main cast, but different year"
a719,d2174,0.7000000000000001,0,0.6,"same title, director, and most cast members, but different year"
a728,d2864,0.7458333333333333,1,0.8,"same title and director, similar cast, but different year"
a735,d2820,0.7458333333333333,1,0.8,"Same title and director, similar cast, but different year"
b731,d2756,0.7402777777777777,1,0.8,"same title and most cast members, but minor director name variation and year difference"
a810,d2856,0.7291666666666667,1,0.8,"same title and director, similar cast, but different year and some cast members"
a852,d2840,0.7125,1,0.8,"same title and director, but different year"
b796,d2840,0.7125,1,0.8,"Same title and director, but different year"
a863,d2968,0.7333333333333334,1,0.8,same title (minor case difference) and year
b830,c2187,0.7250000000000001,0,0.8,"same title, director, and most cast members, but different year"
c2187,d2766,0.6875,1,0.8,"Same title, director, and most cast members, but different year"
b877,c899,0.6900000000000001,1,0.8,"Same title and director, similar cast"
a941,d2609,0.7410714285714286,1,0.8,"Same title and director, similar cast, but different year"
b899,d2639,0.7037579957356077,1,0.8,"Same director and main cast, minor title variation and year difference"
d1770,d1774,0.6666666666666667,0,0.2,different title subtitles
b981,c1420,0.65,0,0.2,Different cast
a1072,d2667,0.7125,1,0.8,"same title and director, but different year"
a1078,d2696,0.7458333333333333,1,0.8,"Same title and director, similar cast, but different year and some cast variations"
a1082,d2625,0.7459821428571428,1,0.8,"same title, director and main cast, but different year"
a1089,d2982,0.7375,1,0.8,"Same title and director, similar cast, but different year"
b2136,d2982,0.7458333333333333,1,0.8,"Same title and director, similar cast, but different year and some cast variations"
a1127,d113,0.7313172043010753,1,0.8,"Same title and director, similar cast, but different year and slightly different director name"
a1137,d3094,0.7125,0,0.2,Different cast and year
b2179,d3094,0.7224999999999999,1,0.8,"Same title and most cast members, but minor director name and year differences"
b2193,c2169,0.7461538461538462,0,0.0,Different title and cast
b2193,d22,0.7461538461538462,0,0.0,Different title and cast
a1156,d3142,0.7347222222222223,1,0.8,"same title and director, similar cast, but different year"
a1455,d2673,0.7347222222222223,1,0.8,"Same title and director, similar cast, but different year"
a1538,c2083,0.6545454545454545,0,0.0,Different title and year
a1538,c3429,0.65,0,0.2,Different year and title
a2562,c3100,0.6545454545454545,0,0.0,Different title and year
a2562,c3429,0.65,0,0.0,Different title and year
c2083,c3100,0.6545454545454545,0,0.0,Different title and year
c2083,c3429,0.65,0,0.0,Different title and year
c3100,c3429,0.65,0,0.2,Different year and title
a1689,c2739,0.7330882352941176,0,0.0,Different title and year
b1474,c2739,0.7041666666666668,0,0.7,"Different title and year, but same director and similar cast"
c2653,c2739,0.7330882352941176,0,0.6,"Different title and year, but same director and some cast members"
b1519,d262,0.6785714285714286,1,0.8,"Same title and director, but different year and some cast overlap"
a1748,d220,0.7125,1,0.8,"same title and director, but year differs by one"
a1767,c2091,0.6583333333333333,0,0.0,Different title and year
a1767,c2878,0.6545454545454545,0,0.2,Different year and title
a2582,c2586,0.6583333333333333,0,0.0,Different title and year
a2582,c2878,0.6545454545454545,0,0.2,Different year and title
c2091,c2586,0.6583333333333333,0,0.2,Different title and year
c2091,c2878,0.6545454545454545,0,0.2,Different year and title
c2586,c2878,0.6545454545454545,0,0.2,"Different title and year, although same director and main cast"
a1833,d281,0.7453571428571428,1,0.8,"same title, director and main cast, but different year"
a1915,d3459,0.6928571428571428,0,0.0,Different year and inconsistent cast
b1686,d3459,0.7071428571428572,0,0.0,Different year and inconsistent cast
c2437,d3459,0.6928571428571428,0,0.0,Different year and inconsistent cast
b1696,d162,0.7339285714285715,1,0.8,"Same title and director, similar cast, but different year"
b1704,d288,0.7458333333333333,1,0.8,"Same title and director, similar cast, but different year"
a1942,d153,0.6722222222222223,1,0.8,"Same title and director, similar cast, but different year"
a1943,d279,0.7291666666666667,1,0.8,"Same title and director, similar cast, but different year"
a1978,d246,0.68,0,0.6,"Same title and director, but different year and some cast differences"
a2013,d314,0.7125,1,0.8,"Same title and director, but different year and cast"
a2016,d250,0.6621212121212121,1,0.9,"Same director, year, and most cast members, minor title variation"
b1778,c2484,0.687121212121212,1,0.9,"Same director, year, and main cast, minor title variation"
c2484,d250,0.6621212121212121,1,0.9,"Same director, year, and most cast members, minor title variation"
b1834,d135,0.7458333333333333,1,0.8,"Same title and director, similar cast, but different year"
